first_name,last_name,company_name,address,city,county,state,zip,phone1,phone2,email,web
first_name5,last_name52,company_name52,5155 Main St,New Orleans,Orleans,LA,50367,64-932-9585,690-372-3323,first_name5.last_name52@abc.zyx,http://www.first_name5last_name52.zyx
first_name2,last_name18,company_name18,1756 Main St,Brighton,Livingston,MI,39003,223-479-9334,540-876-1176,first_name2.last_name18@abc.zyx,http://www.first_name2last_name18.zyx
first_name7,last_name69,company_name69,6852 Main St,Bridgeport,Gloucester,NJ,43092,662-568-7128,401-279-7015,first_name7.last_name69@abc.zyx,http://www.first_name7last_name69.zyx
first_name18,last_name177,company_name177,17657 Main St,Anchorage,Anchorage,AK,36514,448-135-868,218-187-469,first_name18.last_name177@abc.zyx,http://www.first_name18last_name177.zyx
first_name37,last_name367,company_name367,36691 Main St,Hamilton,Butler,OH,68645,997-281-6054,617-577-6868,first_name37.last_name367@abc.zyx,http://www.first_name37last_name367.zyx
first_name30,last_name298,company_name298,29850 Main St,Ashland,Ashland,OH,92211,297-516-9074,793-224-9822,first_name30.last_name298@abc.zyx,http://www.first_name30last_name298.zyx
first_name61,last_name612,company_name612,61212 Main St,Chicago,Cook,IL,69965,492-333-4223,956-392-556,first_name61.last_name612@abc.zyx,http://www.first_name61last_name612.zyx
first_name15,last_name151,company_name151,15104 Main St,San Jose,Santa Clara,CA,79453,722-578-3643,949-795-1542,first_name15.last_name151@abc.zyx,http://www.first_name15last_name151.zyx
first_name28,last_name279,company_name279,27861 Main St,Sioux Falls,Minnehaha,SD,35793,10-975-4393,31-891-6826,first_name28.last_name279@abc.zyx,http://www.first_name28last_name279.zyx
first_name84,last_name844,company_name844,84358 Main St,Baltimore,Baltimore City,MD,73667,873-786-2735,809-710-5362,first_name84.last_name844@abc.zyx,http://www.first_name84last_name844.zyx
first_name40,last_name397,company_name397,39670 Main St,Kulpsville,Montgomery,PA,36786,695-696-2471,15-284-9754,first_name40.last_name397@abc.zyx,http://www.first_name40last_name397.zyx
first_name90,last_name895,company_name895,89536 Main St,Middle Island,Suffolk,NY,10183,92-310-308,595-711-8041,first_name90.last_name895@abc.zyx,http://www.first_name90last_name895.zyx
first_name5,last_name47,company_name47,4663 Main St,Los Angeles,Los Angeles,CA,15464,582-759-8506,90-267-4780,first_name5.last_name47@abc.zyx,http://www.first_name5last_name47.zyx
first_name47,last_name473,company_name473,47321 Main St,Chagrin Falls,Geauga,OH,35299,997-222-6869,687-948-1740,first_name47.last_name473@abc.zyx,http://www.first_name47last_name473.zyx
first_name53,last_name526,company_name526,52553 Main St,Laredo,Webb,TX,89758,914-835-6524,293-793-3160,first_name53.last_name526@abc.zyx,http://www.first_name53last_name526.zyx
first_name74,last_name744,company_name744,74409 Main St,Phoenix,Maricopa,AZ,51878,505-365-9375,543-72-3677,first_name74.last_name744@abc.zyx,http://www.first_name74last_name744.zyx
first_name47,last_name469,company_name469,46923 Main St,Mc Minnville,Warren,TN,29181,473-961-4834,482-415-725,first_name47.last_name469@abc.zyx,http://www.first_name47last_name469.zyx
first_name46,last_name455,company_name455,45529 Main St,Milwaukee,Milwaukee,WI,27252,972-512-8931,73-680-5582,first_name46.last_name455@abc.zyx,http://www.first_name46last_name455.zyx
first_name16,last_name165,company_name165,16474 Main St,Taylor,Wayne,MI,30237,884-771-5253,490-850-7368,first_name16.last_name165@abc.zyx,http://www.first_name16last_name165.zyx
first_name63,last_name632,company_name632,63187 Main St,Rockford,Winnebago,IL,6421,433-715-8895,849-845-7517,first_name63.last_name632@abc.zyx,http://www.first_name63last_name632.zyx
first_name48,last_name479,company_name479,47932 Main St,Aston,Delaware,PA,15378,291-612-2128,876-45-3283,first_name48.last_name479@abc.zyx,http://www.first_name48last_name479.zyx
first_name78,last_name785,company_name785,78479 Main St,San Jose,Santa Clara,CA,44602,432-965-2585,531-28-2843,first_name78.last_name785@abc.zyx,http://www.first_name78last_name785.zyx
first_name91,last_name911,company_name911,91051 Main St,Irving,Dallas,TX,91297,617-418-5371,690-196-2276,first_name91.last_name911@abc.zyx,http://www.first_name91last_name911.zyx
first_name50,last_name503,company_name503,50277 Main St,Albany,Albany,NY,4860,268-982-1010,474-354-5435,first_name50.last_name503@abc.zyx,http://www.first_name50last_name503.zyx
first_name86,last_name860,company_name860,85984 Main St,Middlesex,Middlesex,NJ,41204,27-711-8736,498-292-1595,first_name86.last_name860@abc.zyx,http://www.first_name86last_name860.zyx
first_name46,last_name461,company_name461,46059 Main St,Stevens Point,Portage,WI,56607,220-332-2271,795-929-2820,first_name46.last_name461@abc.zyx,http://www.first_name46last_name461.zyx
first_name49,last_name491,company_name491,49106 Main St,Shawnee,Johnson,KS,62113,499-746-9022,996-930-4938,first_name49.last_name491@abc.zyx,http://www.first_name49last_name491.zyx
first_name29,last_name290,company_name290,28994 Main St,Easton,Talbot,MD,95011,597-812-6521,306-171-4381,first_name29.last_name290@abc.zyx,http://www.first_name29last_name290.zyx
first_name86,last_name861,company_name861,86068 Main St,New York,New York,NY,24589,176-366-269,978-433-3961,first_name86.last_name861@abc.zyx,http://www.first_name86last_name861.zyx
first_name44,last_name438,company_name438,43770 Main St,Conroe,Montgomery,TX,2707,575-994-4318,185-585-6935,first_name44.last_name438@abc.zyx,http://www.first_name44last_name438.zyx
first_name97,last_name973,company_name973,97267 Main St,Columbus,Franklin,OH,31507,127-44-7011,982-163-9031,first_name97.last_name973@abc.zyx,http://www.first_name97last_name973.zyx
first_name70,last_name702,company_name702,70236 Main St,Las Cruces,Dona Ana,NM,84587,507-240-3071,121-451-6888,first_name70.last_name702@abc.zyx,http://www.first_name70last_name702.zyx
first_name68,last_name680,company_name680,67961 Main St,Ridgefield Park,Bergen,NJ,29947,859-929-2283,472-387-9516,first_name68.last_name680@abc.zyx,http://www.first_name68last_name680.zyx
first_name7,last_name70,company_name70,7043 Main St,Dunellen,Middlesex,NJ,17253,79-133-1605,667-754-402,first_name7.last_name70@abc.zyx,http://www.first_name7last_name70.zyx
first_name33,last_name328,company_name328,32847 Main St,New York,New York,NY,87769,179-659-4702,10-720-8799,first_name33.last_name328@abc.zyx,http://www.first_name33last_name328.zyx
first_name74,last_name737,company_name737,73684 Main St,Metairie,Jefferson,LA,78478,764-212-8475,624-779-8299,first_name74.last_name737@abc.zyx,http://www.first_name74last_name737.zyx
first_name19,last_name192,company_name192,19218 Main St,New York,New York,NY,32268,821-18-4700,871-955-3713,first_name19.last_name192@abc.zyx,http://www.first_name19last_name192.zyx
first_name22,last_name220,company_name220,22004 Main St,Camarillo,Ventura,CA,78425,139-923-9073,48-237-4425,first_name22.last_name220@abc.zyx,http://www.first_name22last_name220.zyx
first_name63,last_name633,company_name633,63302 Main St,San Antonio,Bexar,TX,82308,11-104-8208,913-102-9267,first_name63.last_name633@abc.zyx,http://www.first_name63last_name633.zyx
first_name65,last_name649,company_name649,64870 Main St,Abilene,Dickinson,KS,54170,653-673-3826,652-253-7148,first_name65.last_name649@abc.zyx,http://www.first_name65last_name649.zyx
first_name94,last_name941,company_name941,94131 Main St,Prineville,Crook,OR,5300,290-36-5011,314-935-6997,first_name94.last_name941@abc.zyx,http://www.first_name94last_name941.zyx
first_name46,last_name463,company_name463,46322 Main St,Overland Park,Johnson,KS,47445,657-435-7848,675-963-7025,first_name46.last_name463@abc.zyx,http://www.first_name46last_name463.zyx
first_name14,last_name137,company_name137,13737 Main St,Fairbanks,Fairbanks North Star,AK,72570,599-526-5332,560-432-3121,first_name14.last_name137@abc.zyx,http://www.first_name14last_name137.zyx
first_name66,last_name658,company_name658,65779 Main St,Miami,Miami-Dade,FL,2050,832-857-5414,307-193-7785,first_name66.last_name658@abc.zyx,http://www.first_name66last_name658.zyx
first_name69,last_name689,company_name689,68933 Main St,Fairbanks,Fairbanks North Star,AK,16588,678-124-7763,644-577-2713,first_name69.last_name689@abc.zyx,http://www.first_name69last_name689.zyx
first_name18,last_name178,company_name178,17750 Main St,Hopkins,Hennepin,MN,66643,194-922-7983,5-896-3246,first_name18.last_name178@abc.zyx,http://www.first_name18last_name178.zyx
first_name17,last_name169,company_name169,16855 Main St,Boston,Suffolk,MA,76352,818-596-3372,506-480-1955,first_name17.last_name169@abc.zyx,http://www.first_name17last_name169.zyx
first_name87,last_name870,company_name870,87043 Main St,Los Angeles,Los Angeles,CA,64762,640-234-8320,595-619-8052,first_name87.last_name870@abc.zyx,http://www.first_name87last_name870.zyx
first_name81,last_name811,company_name811,81074 Main St,Madison,Dane,WI,36410,208-279-5749,318-914-6944,first_name81.last_name811@abc.zyx,http://www.first_name81last_name811.zyx
first_name20,last_name197,company_name197,19698 Main St,Philadelphia,Philadelphia,PA,52872,578-479-1379,950-226-6183,first_name20.last_name197@abc.zyx,http://www.first_name20last_name197.zyx
first_name58,last_name581,company_name581,58068 Main St,New York,New York,NY,33113,934-733-494,428-5-5676,first_name58.last_name581@abc.zyx,http://www.first_name58last_name581.zyx
first_name30,last_name305,company_name305,30472 Main St,Tullahoma,Coffee,TN,9175,715-987-246,18-233-1686,first_name30.last_name305@abc.zyx,http://www.first_name30last_name305.zyx
first_name23,last_name230,company_name230,22986 Main St,Columbia,Richland,SC,90846,760-887-1856,668-252-8968,first_name23.last_name230@abc.zyx,http://www.first_name23last_name230.zyx
first_name33,last_name325,company_name325,32524 Main St,Wayne,Delaware,PA,94226,709-412-4029,788-248-4760,first_name33.last_name325@abc.zyx,http://www.first_name33last_name325.zyx
first_name94,last_name943,company_name943,94278 Main St,Flemington,Hunterdon,NJ,42494,990-26-4747,371-904-1464,first_name94.last_name943@abc.zyx,http://www.first_name94last_name943.zyx
first_name64,last_name638,company_name638,63775 Main St,Westbury,Nassau,NY,92684,257-254-3110,448-300-9363,first_name64.last_name638@abc.zyx,http://www.first_name64last_name638.zyx
first_name26,last_name259,company_name259,25875 Main St,Jenkintown,Montgomery,PA,62310,883-87-9052,74-722-7068,first_name26.last_name259@abc.zyx,http://www.first_name26last_name259.zyx
first_name56,last_name563,company_name563,56265 Main St,Van Nuys,Los Angeles,CA,71943,612-157-6296,985-862-4264,first_name56.last_name563@abc.zyx,http://www.first_name56last_name563.zyx
first_name100,last_name996,company_name996,99641 Main St,Providence,Providence,RI,55833,809-268-8309,285-89-2195,first_name100.last_name996@abc.zyx,http://www.first_name100last_name996.zyx
first_name44,last_name435,company_name435,43521 Main St,Huntingdon Valley,Montgomery,PA,85901,300-198-4661,682-981-3245,first_name44.last_name435@abc.zyx,http://www.first_name44last_name435.zyx
first_name61,last_name614,company_name614,61362 Main St,Providence,Providence,RI,55935,584-270-384,60-132-1755,first_name61.last_name614@abc.zyx,http://www.first_name61last_name614.zyx
first_name32,last_name321,company_name321,32072 Main St,Monroe Township,Middlesex,NJ,65157,283-454-8621,704-526-1673,first_name32.last_name321@abc.zyx,http://www.first_name32last_name321.zyx
first_name56,last_name558,company_name558,55754 Main St,Austin,Travis,TX,52819,594-283-5495,524-198-9796,first_name56.last_name558@abc.zyx,http://www.first_name56last_name558.zyx
first_name79,last_name792,company_name792,79159 Main St,Littleton,Douglas,CO,34764,725-64-6140,372-921-7882,first_name79.last_name792@abc.zyx,http://www.first_name79last_name792.zyx
first_name19,last_name186,company_name186,18564 Main St,Milwaukee,Milwaukee,WI,77480,715-626-4979,543-72-3621,first_name19.last_name186@abc.zyx,http://www.first_name19last_name186.zyx
first_name37,last_name370,company_name370,36954 Main St,New York,New York,NY,25314,588-399-7026,716-891-3725,first_name37.last_name370@abc.zyx,http://www.first_name37last_name370.zyx
first_name64,last_name641,company_name641,64106 Main St,Anchorage,Anchorage,AK,20301,550-87-7762,812-242-456,first_name64.last_name641@abc.zyx,http://www.first_name64last_name641.zyx
first_name8,last_name82,company_name82,8249 Main St,Erie,Erie,PA,71131,637-620-4195,841-979-3679,first_name8.last_name82@abc.zyx,http://www.first_name8last_name82.zyx
first_name83,last_name830,company_name830,82990 Main St,Glen Burnie,Anne Arundel,MD,44082,273-170-6778,147-705-418,first_name83.last_name830@abc.zyx,http://www.first_name83last_name830.zyx
first_name15,last_name154,company_name154,15449 Main St,Boise,Ada,ID,84075,480-597-3574,551-292-6272,first_name15.last_name154@abc.zyx,http://www.first_name15last_name154.zyx
first_name58,last_name576,company_name576,57642 Main St,San Francisco,San Francisco,CA,32909,323-207-8498,99-299-3946,first_name58.last_name576@abc.zyx,http://www.first_name58last_name576.zyx
first_name34,last_name343,company_name343,34327 Main St,Chapel Hill,Orange,NC,2972,709-195-5479,308-734-5233,first_name34.last_name343@abc.zyx,http://www.first_name34last_name343.zyx
first_name95,last_name955,company_name955,95479 Main St,San Carlos,San Mateo,CA,68652,888-663-1133,586-249-4391,first_name95.last_name955@abc.zyx,http://www.first_name95last_name955.zyx
first_name18,last_name179,company_name179,17851 Main St,Concord,Contra Costa,CA,41618,737-375-3157,723-896-9944,first_name18.last_name179@abc.zyx,http://www.first_name18last_name179.zyx
first_name85,last_name853,company_name853,85310 Main St,London,Madison,OH,89468,93-492-7293,990-296-9347,first_name85.last_name853@abc.zyx,http://www.first_name85last_name853.zyx
first_name77,last_name770,company_name770,76961 Main St,Wellsville,Allegany,NY,37525,462-571-5472,248-542-3652,first_name77.last_name770@abc.zyx,http://www.first_name77last_name770.zyx
first_name26,last_name262,company_name262,26227 Main St,Baltimore,Baltimore City,MD,29351,554-994-2014,739-291-2132,first_name26.last_name262@abc.zyx,http://www.first_name26last_name262.zyx
first_name85,last_name852,company_name852,85225 Main St,Newark,Essex,NJ,88946,856-480-4619,711-142-7946,first_name85.last_name852@abc.zyx,http://www.first_name85last_name852.zyx
first_name86,last_name857,company_name857,85681 Main St,Chicago,Cook,IL,70369,79-176-8620,338-512-150,first_name86.last_name857@abc.zyx,http://www.first_name86last_name857.zyx
first_name28,last_name282,company_name282,28166 Main St,Newark,Essex,NJ,38516,856-891-4680,472-311-1204,first_name28.last_name282@abc.zyx,http://www.first_name28last_name282.zyx
first_name86,last_name856,company_name856,85563 Main St,Clovis,Curry,NM,87582,279-145-4153,717-176-1421,first_name86.last_name856@abc.zyx,http://www.first_name86last_name856.zyx
first_name12,last_name124,company_name124,12354 Main St,Staten Island,Richmond,NY,82035,222-110-4618,332-670-5901,first_name12.last_name124@abc.zyx,http://www.first_name12last_name124.zyx
first_name53,last_name528,company_name528,52846 Main St,Jacksonville,Duval,FL,40952,892-925-8741,223-491-4639,first_name53.last_name528@abc.zyx,http://www.first_name53last_name528.zyx
first_name89,last_name891,company_name891,89058 Main St,Hayward,Alameda,CA,50854,904-707-3358,348-773-7515,first_name89.last_name891@abc.zyx,http://www.first_name89last_name891.zyx
first_name76,last_name763,company_name763,76297 Main St,Beachwood,Cuyahoga,OH,33206,299-462-4103,767-322-7957,first_name76.last_name763@abc.zyx,http://www.first_name76last_name763.zyx
first_name77,last_name770,company_name770,76994 Main St,Euless,Tarrant,TX,40688,194-816-3105,403-214-4596,first_name77.last_name770@abc.zyx,http://www.first_name77last_name770.zyx
first_name79,last_name791,company_name791,79080 Main St,Gardena,Los Angeles,CA,15346,139-946-8730,31-793-9774,first_name79.last_name791@abc.zyx,http://www.first_name79last_name791.zyx
first_name63,last_name629,company_name629,62908 Main St,Evanston,Cook,IL,28795,810-589-361,342-747-3418,first_name63.last_name629@abc.zyx,http://www.first_name63last_name629.zyx
first_name90,last_name900,company_name900,89957 Main St,Akron,Summit,OH,39604,395-232-617,482-984-5783,first_name90.last_name900@abc.zyx,http://www.first_name90last_name900.zyx
first_name5,last_name55,company_name55,5459 Main St,Philadelphia,Philadelphia,PA,44687,410-681-4954,428-740-627,first_name5.last_name55@abc.zyx,http://www.first_name5last_name55.zyx
first_name70,last_name704,company_name704,70391 Main St,Burlingame,San Mateo,CA,65704,764-951-9669,548-219-8467,first_name70.last_name704@abc.zyx,http://www.first_name70last_name704.zyx
first_name64,last_name642,company_name642,64235 Main St,San Gabriel,Los Angeles,CA,29693,870-376-7817,225-424-7412,first_name64.last_name642@abc.zyx,http://www.first_name64last_name642.zyx
first_name52,last_name524,company_name524,52428 Main St,Waco,McLennan,TX,68953,340-8-6458,240-552-3130,first_name52.last_name524@abc.zyx,http://www.first_name52last_name524.zyx
first_name60,last_name600,company_name600,59969 Main St,Anchorage,Anchorage,AK,4742,141-766-9503,794-172-4237,first_name60.last_name600@abc.zyx,http://www.first_name60last_name600.zyx
first_name96,last_name962,company_name962,96231 Main St,San Jose,Santa Clara,CA,62734,731-411-1978,637-984-9192,first_name96.last_name962@abc.zyx,http://www.first_name96last_name962.zyx
first_name52,last_name523,company_name523,52328 Main St,San Leandro,Alameda,CA,16268,96-714-4044,547-892-2482,first_name52.last_name523@abc.zyx,http://www.first_name52last_name523.zyx
first_name27,last_name271,company_name271,27099 Main St,Indianapolis,Marion,IN,10806,987-366-8387,519-535-3383,first_name27.last_name271@abc.zyx,http://www.first_name27last_name271.zyx
first_name47,last_name472,company_name472,47204 Main St,Rock Springs,Sweetwater,WY,52885,876-964-2698,332-366-6942,first_name47.last_name472@abc.zyx,http://www.first_name47last_name472.zyx
first_name66,last_name661,company_name661,66140 Main St,Mc Lean,Fairfax,VA,98921,914-27-2653,128-5-2970,first_name66.last_name661@abc.zyx,http://www.first_name66last_name661.zyx
first_name65,last_name654,company_name654,65433 Main St,New Orleans,Orleans,LA,23656,837-685-1868,343-152-7752,first_name65.last_name654@abc.zyx,http://www.first_name65last_name654.zyx
first_name71,last_name713,company_name713,71301 Main St,Boulder,Boulder,CO,67206,997-900-1012,836-190-8593,first_name71.last_name713@abc.zyx,http://www.first_name71last_name713.zyx
first_name1,last_name10,company_name10,956 Main St,San Leandro,Alameda,CA,39615,916-594-2745,579-947-3288,first_name1.last_name10@abc.zyx,http://www.first_name1last_name10.zyx
first_name14,last_name144,company_name144,14433 Main St,Honolulu,Honolulu,HI,31706,520-514-1967,724-795-3184,first_name14.last_name144@abc.zyx,http://www.first_name14last_name144.zyx
first_name38,last_name376,company_name376,37577 Main St,Burnsville,Dakota,MN,44620,908-948-5960,10-841-1853,first_name38.last_name376@abc.zyx,http://www.first_name38last_name376.zyx
first_name79,last_name788,company_name788,78802 Main St,High Point,Guilford,NC,34802,243-563-7006,512-686-6201,first_name79.last_name788@abc.zyx,http://www.first_name79last_name788.zyx
first_name74,last_name739,company_name739,73921 Main St,Lynbrook,Nassau,NY,57095,753-569-1340,871-193-7788,first_name74.last_name739@abc.zyx,http://www.first_name74last_name739.zyx
first_name48,last_name480,company_name480,48035 Main St,Portland,Washington,OR,15051,177-264-7294,177-299-6353,first_name48.last_name480@abc.zyx,http://www.first_name48last_name480.zyx
first_name45,last_name452,company_name452,45219 Main St,Beloit,Rock,WI,16295,269-177-881,218-508-8726,first_name45.last_name452@abc.zyx,http://www.first_name45last_name452.zyx
first_name14,last_name142,company_name142,14184 Main St,Worcester,Worcester,MA,12966,679-272-8918,506-258-4413,first_name14.last_name142@abc.zyx,http://www.first_name14last_name142.zyx
first_name21,last_name215,company_name215,21474 Main St,Miami,Miami-Dade,FL,42967,566-474-9370,988-934-1480,first_name21.last_name215@abc.zyx,http://www.first_name21last_name215.zyx
first_name32,last_name317,company_name317,31657 Main St,Erie,Erie,PA,89420,619-722-3592,103-147-18,first_name32.last_name317@abc.zyx,http://www.first_name32last_name317.zyx
first_name56,last_name556,company_name556,55641 Main St,Mesquite,Dallas,TX,87442,900-98-5014,212-40-5710,first_name56.last_name556@abc.zyx,http://www.first_name56last_name556.zyx
first_name31,last_name310,company_name310,30982 Main St,Tullahoma,Coffee,TN,34184,105-747-150,194-169-8388,first_name31.last_name310@abc.zyx,http://www.first_name31last_name310.zyx
first_name24,last_name236,company_name236,23577 Main St,Paterson,Passaic,NJ,67243,409-668-1594,459-140-3815,first_name24.last_name236@abc.zyx,http://www.first_name24last_name236.zyx
first_name96,last_name965,company_name965,96478 Main St,Homestead,Miami-Dade,FL,84803,-735-695,112-921-4011,first_name96.last_name965@abc.zyx,http://www.first_name96last_name965.zyx
first_name98,last_name979,company_name979,97925 Main St,Owings Mills,Baltimore,MD,34653,402-584-8194,624-302-7284,first_name98.last_name979@abc.zyx,http://www.first_name98last_name979.zyx
first_name96,last_name955,company_name955,95502 Main St,Thousand Oaks,Ventura,CA,3182,474-90-5843,2-218-240,first_name96.last_name955@abc.zyx,http://www.first_name96last_name955.zyx
first_name28,last_name277,company_name277,27665 Main St,Honolulu,Honolulu,HI,29840,378-532-9354,112-583-9387,first_name28.last_name277@abc.zyx,http://www.first_name28last_name277.zyx
first_name70,last_name703,company_name703,70341 Main St,Albany,Dougherty,GA,81206,29-733-7488,604-8-5780,first_name70.last_name703@abc.zyx,http://www.first_name70last_name703.zyx
first_name82,last_name823,company_name823,82281 Main St,Boston,Suffolk,MA,23260,7-460-5901,356-736-2192,first_name82.last_name823@abc.zyx,http://www.first_name82last_name823.zyx
first_name36,last_name365,company_name365,36460 Main St,Hackensack,Bergen,NJ,32330,739-331-5915,552-601-1818,first_name36.last_name365@abc.zyx,http://www.first_name36last_name365.zyx
first_name3,last_name30,company_name30,2975 Main St,San Mateo,San Mateo,CA,90885,190-500-3601,670-375-9651,first_name3.last_name30@abc.zyx,http://www.first_name3last_name30.zyx
first_name78,last_name781,company_name781,78125 Main St,Ontario,San Bernardino,CA,18833,862-465-4260,815-149-6016,first_name78.last_name781@abc.zyx,http://www.first_name78last_name781.zyx
first_name7,last_name67,company_name67,6738 Main St,Oakland,Alameda,CA,64001,723-63-4521,519-903-5282,first_name7.last_name67@abc.zyx,http://www.first_name7last_name67.zyx
first_name57,last_name565,company_name565,56521 Main St,Troy,Rensselaer,NY,64037,683-299-2252,497-436-3851,first_name57.last_name565@abc.zyx,http://www.first_name57last_name565.zyx
first_name83,last_name832,company_name832,83168 Main St,Clarks Summit,Lackawanna,PA,47576,292-64-2386,559-644-9018,first_name83.last_name832@abc.zyx,http://www.first_name83last_name832.zyx
first_name44,last_name439,company_name439,43909 Main St,Orange,Essex,NJ,43749,55-463-8677,180-903-9403,first_name44.last_name439@abc.zyx,http://www.first_name44last_name439.zyx
first_name22,last_name218,company_name218,21824 Main St,Pittstown,Hunterdon,NJ,46986,363-860-1360,797-803-3805,first_name22.last_name218@abc.zyx,http://www.first_name22last_name218.zyx
first_name63,last_name631,company_name631,63114 Main St,Cocoa,Brevard,FL,83050,470-257-9223,720-650-5316,first_name63.last_name631@abc.zyx,http://www.first_name63last_name631.zyx
first_name13,last_name125,company_name125,12503 Main St,Bronx,Bronx,NY,73618,198-427-6338,9-559-5867,first_name13.last_name125@abc.zyx,http://www.first_name13last_name125.zyx
first_name69,last_name693,company_name693,69302 Main St,Pearl City,Honolulu,HI,89416,56-815-7905,552-369-1191,first_name69.last_name693@abc.zyx,http://www.first_name69last_name693.zyx
first_name34,last_name341,company_name341,34086 Main St,Denver,Denver,CO,98710,541-24-8876,321-122-5019,first_name34.last_name341@abc.zyx,http://www.first_name34last_name341.zyx
first_name44,last_name436,company_name436,43554 Main St,Rockaway,Morris,NJ,13524,309-718-1852,381-539-8648,first_name44.last_name436@abc.zyx,http://www.first_name44last_name436.zyx
first_name81,last_name808,company_name808,80832 Main St,Absecon,Atlantic,NJ,82381,8-430-8780,291-121-5759,first_name81.last_name808@abc.zyx,http://www.first_name81last_name808.zyx
first_name49,last_name488,company_name488,48766 Main St,Plainfield,Union,NJ,43751,40-808-1653,562-742-4823,first_name49.last_name488@abc.zyx,http://www.first_name49last_name488.zyx
first_name6,last_name60,company_name60,6037 Main St,Middleboro,Plymouth,MA,10215,834-373-9405,360-661-2688,first_name6.last_name60@abc.zyx,http://www.first_name6last_name60.zyx
first_name68,last_name682,company_name682,68194 Main St,Chicago,Cook,IL,84812,467-898-2606,616-582-3611,first_name68.last_name682@abc.zyx,http://www.first_name68last_name682.zyx
first_name4,last_name38,company_name38,3813 Main St,Portland,Multnomah,OR,29807,564-432-9474,44-816-7460,first_name4.last_name38@abc.zyx,http://www.first_name4last_name38.zyx
first_name6,last_name60,company_name60,6009 Main St,Dallas,Dallas,TX,38128,59-306-7337,544-796-2346,first_name6.last_name60@abc.zyx,http://www.first_name6last_name60.zyx
first_name17,last_name165,company_name165,16506 Main St,Chicago,Cook,IL,12830,321-994-5130,285-166-9711,first_name17.last_name165@abc.zyx,http://www.first_name17last_name165.zyx
first_name99,last_name986,company_name986,98570 Main St,Findlay,Hancock,OH,43537,792-118-1042,593-669-7550,first_name99.last_name986@abc.zyx,http://www.first_name99last_name986.zyx
first_name10,last_name103,company_name103,10339 Main St,Riverside,Riverside,CA,63523,678-397-9344,719-134-9374,first_name10.last_name103@abc.zyx,http://www.first_name10last_name103.zyx
first_name32,last_name321,company_name321,32086 Main St,Waco,McLennan,TX,85636,53-1-5468,718-313-5319,first_name32.last_name321@abc.zyx,http://www.first_name32last_name321.zyx
first_name92,last_name919,company_name919,91909 Main St,Nashville,Davidson,TN,18520,170-90-9185,595-994-9831,first_name92.last_name919@abc.zyx,http://www.first_name92last_name919.zyx
first_name71,last_name709,company_name709,70852 Main St,Milwaukee,Milwaukee,WI,7710,639-593-7858,506-179-8814,first_name71.last_name709@abc.zyx,http://www.first_name71last_name709.zyx
first_name58,last_name580,company_name580,58037 Main St,Preston,Caroline,MD,44660,990-139-4384,411-993-7961,first_name58.last_name580@abc.zyx,http://www.first_name58last_name580.zyx
first_name8,last_name81,company_name81,8052 Main St,Irving,Dallas,TX,22638,677-40-8083,199-670-2174,first_name8.last_name81@abc.zyx,http://www.first_name8last_name81.zyx
first_name85,last_name852,company_name852,85212 Main St,Beverly Hills,Los Angeles,CA,71994,445-316-9396,459-695-3605,first_name85.last_name852@abc.zyx,http://www.first_name85last_name852.zyx
first_name9,last_name87,company_name87,8725 Main St,Massapequa,Nassau,NY,24250,322-149-6790,323-571-4661,first_name9.last_name87@abc.zyx,http://www.first_name9last_name87.zyx
first_name12,last_name117,company_name117,11725 Main St,Atlantic City,Atlantic,NJ,5376,530-695-7663,80-964-3865,first_name12.last_name117@abc.zyx,http://www.first_name12last_name117.zyx
first_name87,last_name875,company_name875,87462 Main St,Cincinnati,Hamilton,OH,34646,535-93-9601,213-353-2293,first_name87.last_name875@abc.zyx,http://www.first_name87last_name875.zyx
first_name62,last_name621,company_name621,62073 Main St,Eugene,Lane,OR,10965,138-455-6577,983-406-3577,first_name62.last_name621@abc.zyx,http://www.first_name62last_name621.zyx
first_name39,last_name387,company_name387,38702 Main St,Smithfield,Johnston,NC,42792,956-396-5708,633-496-4639,first_name39.last_name387@abc.zyx,http://www.first_name39last_name387.zyx
first_name72,last_name717,company_name717,71729 Main St,New York,New York,NY,80950,264-216-125,396-528-3767,first_name72.last_name717@abc.zyx,http://www.first_name72last_name717.zyx
first_name17,last_name166,company_name166,16624 Main St,Phoenix,Maricopa,AZ,58061,444-179-1897,488-196-1596,first_name17.last_name166@abc.zyx,http://www.first_name17last_name166.zyx
first_name65,last_name646,company_name646,64596 Main St,Indianapolis,Marion,IN,6990,181-469-9348,757-927-295,first_name65.last_name646@abc.zyx,http://www.first_name65last_name646.zyx
first_name61,last_name610,company_name610,61003 Main St,Syracuse,Onondaga,NY,10666,411-293-8423,900-131-4735,first_name61.last_name610@abc.zyx,http://www.first_name61last_name610.zyx
first_name35,last_name347,company_name347,34734 Main St,Cherry Hill,Camden,NJ,44850,889-673-9174,831-185-272,first_name35.last_name347@abc.zyx,http://www.first_name35last_name347.zyx
first_name67,last_name674,company_name674,67373 Main St,Garden City,Nassau,NY,73290,72-130-1947,384-728-7000,first_name67.last_name674@abc.zyx,http://www.first_name67last_name674.zyx
first_name73,last_name726,company_name726,72561 Main St,Little Rock,Pulaski,AR,89467,487-751-6816,340-270-7192,first_name73.last_name726@abc.zyx,http://www.first_name73last_name726.zyx
first_name35,last_name354,company_name354,35431 Main St,Saint Paul,Ramsey,MN,33496,649-191-1833,279-729-898,first_name35.last_name354@abc.zyx,http://www.first_name35last_name354.zyx
first_name71,last_name711,company_name711,71103 Main St,Philadelphia,Philadelphia,PA,22186,412-548-4013,41-57-4364,first_name71.last_name711@abc.zyx,http://www.first_name71last_name711.zyx
first_name8,last_name82,company_name82,8234 Main St,Houma,Terrebonne,LA,70139,576-121-2683,95-356-9960,first_name8.last_name82@abc.zyx,http://www.first_name8last_name82.zyx
first_name19,last_name191,company_name191,19101 Main St,Ronkonkoma,Suffolk,NY,68333,25-781-6289,472-413-6834,first_name19.last_name191@abc.zyx,http://www.first_name19last_name191.zyx
first_name41,last_name407,company_name407,40735 Main St,Sacramento,Sacramento,CA,7902,201-605-1584,688-775-6676,first_name41.last_name407@abc.zyx,http://www.first_name41last_name407.zyx
first_name22,last_name220,company_name220,22005 Main St,Boise,Ada,ID,11386,875-993-4440,102-586-8780,first_name22.last_name220@abc.zyx,http://www.first_name22last_name220.zyx
first_name39,last_name389,company_name389,38936 Main St,Round Rock,Williamson,TX,73942,310-205-3445,471-110-4212,first_name39.last_name389@abc.zyx,http://www.first_name39last_name389.zyx
first_name65,last_name654,company_name654,65409 Main St,Philadelphia,Philadelphia,PA,47476,649-653-7952,632-592-994,first_name65.last_name654@abc.zyx,http://www.first_name65last_name654.zyx
first_name2,last_name24,company_name24,2450 Main St,Hilo,Hawaii,HI,3052,631-346-1896,561-207-4575,first_name2.last_name24@abc.zyx,http://www.first_name2last_name24.zyx
first_name93,last_name930,company_name930,93020 Main St,Reno,Washoe,NV,72006,192-954-8211,707-365-2789,first_name93.last_name930@abc.zyx,http://www.first_name93last_name930.zyx
first_name68,last_name683,company_name683,68332 Main St,Wheeling,Cook,IL,15740,598-319-5634,941-958-1316,first_name68.last_name683@abc.zyx,http://www.first_name68last_name683.zyx
first_name43,last_name431,company_name431,43091 Main St,Randolph,Morris,NJ,85735,329-360-7065,222-214-8030,first_name43.last_name431@abc.zyx,http://www.first_name43last_name431.zyx
first_name16,last_name156,company_name156,15563 Main St,Spartanburg,Spartanburg,SC,16185,437-414-7965,729-274-3743,first_name16.last_name156@abc.zyx,http://www.first_name16last_name156.zyx
first_name98,last_name980,company_name980,97951 Main St,Hampstead,Carroll,MD,86346,320-401-5337,752-483-9099,first_name98.last_name980@abc.zyx,http://www.first_name98last_name980.zyx
first_name26,last_name257,company_name257,25720 Main St,Mount Vernon,Westchester,NY,10743,98-199-4609,576-686-8798,first_name26.last_name257@abc.zyx,http://www.first_name26last_name257.zyx
first_name72,last_name721,company_name721,72116 Main St,New York,New York,NY,98564,328-976-2547,135-606-933,first_name72.last_name721@abc.zyx,http://www.first_name72last_name721.zyx
first_name68,last_name682,company_name682,68179 Main St,Berkeley,Alameda,CA,38616,482-920-3657,692-782-2692,first_name68.last_name682@abc.zyx,http://www.first_name68last_name682.zyx
first_name71,last_name712,company_name712,71175 Main St,Concord,Middlesex,MA,79889,709-647-472,329-619-1200,first_name71.last_name712@abc.zyx,http://www.first_name71last_name712.zyx
first_name85,last_name853,company_name853,85278 Main St,San Francisco,San Francisco,CA,48311,251-605-6241,397-753-2778,first_name85.last_name853@abc.zyx,http://www.first_name85last_name853.zyx
first_name11,last_name113,company_name113,11254 Main St,Paramus,Bergen,NJ,26915,657-521-9636,69-545-9508,first_name11.last_name113@abc.zyx,http://www.first_name11last_name113.zyx
first_name82,last_name816,company_name816,81567 Main St,Oakley,Contra Costa,CA,87777,32-323-5765,327-618-6296,first_name82.last_name816@abc.zyx,http://www.first_name82last_name816.zyx
first_name55,last_name553,company_name553,55347 Main St,Chicago,Cook,IL,69976,87-639-5740,113-919-4468,first_name55.last_name553@abc.zyx,http://www.first_name55last_name553.zyx
first_name81,last_name810,company_name810,81035 Main St,Cedar Grove,Essex,NJ,20809,135-474-409,849-205-7445,first_name81.last_name810@abc.zyx,http://www.first_name81last_name810.zyx
first_name57,last_name566,company_name566,56645 Main St,Perrysburg,Wood,OH,49767,819-24-8935,949-874-3516,first_name57.last_name566@abc.zyx,http://www.first_name57last_name566.zyx
first_name5,last_name53,company_name53,5346 Main St,Gardena,Los Angeles,CA,53276,131-300-6350,584-387-5881,first_name5.last_name53@abc.zyx,http://www.first_name5last_name53.zyx
first_name15,last_name145,company_name145,14546 Main St,Homosassa,Citrus,FL,24183,879-145-1236,203-894-5746,first_name15.last_name145@abc.zyx,http://www.first_name15last_name145.zyx
first_name42,last_name417,company_name417,41700 Main St,Santa Clara,Santa Clara,CA,68345,892-95-560,489-33-2702,first_name42.last_name417@abc.zyx,http://www.first_name42last_name417.zyx
first_name61,last_name610,company_name610,61015 Main St,Hazleton,Luzerne,PA,7938,466-603-2230,114-353-2336,first_name61.last_name610@abc.zyx,http://www.first_name61last_name610.zyx
first_name53,last_name527,company_name527,52681 Main St,Jersey City,Hudson,NJ,80606,790-611-9890,498-48-7308,first_name53.last_name527@abc.zyx,http://www.first_name53last_name527.zyx
first_name30,last_name303,company_name303,30319 Main St,San Ramon,Contra Costa,CA,44294,931-404-8933,818-948-7662,first_name30.last_name303@abc.zyx,http://www.first_name30last_name303.zyx
first_name8,last_name82,company_name82,8174 Main St,Bridgewater,Somerset,NJ,35897,759-834-7972,116-291-8421,first_name8.last_name82@abc.zyx,http://www.first_name8last_name82.zyx
first_name22,last_name219,company_name219,21886 Main St,Bohemia,Suffolk,NY,31144,473-30-7616,744-501-1904,first_name22.last_name219@abc.zyx,http://www.first_name22last_name219.zyx
first_name90,last_name902,company_name902,90182 Main St,Thousand Oaks,Ventura,CA,92293,160-60-8676,123-503-8787,first_name90.last_name902@abc.zyx,http://www.first_name90last_name902.zyx
first_name85,last_name849,company_name849,84944 Main St,Somerville,Somerset,NJ,11718,99-920-4362,888-248-8578,first_name85.last_name849@abc.zyx,http://www.first_name85last_name849.zyx
first_name69,last_name686,company_name686,68563 Main St,Beaverton,Washington,OR,42386,195-965-2589,784-393-8091,first_name69.last_name686@abc.zyx,http://www.first_name69last_name686.zyx
first_name83,last_name828,company_name828,82771 Main St,Salem,Marion,OR,58493,7-252-4168,491-815-8223,first_name83.last_name828@abc.zyx,http://www.first_name83last_name828.zyx
first_name90,last_name896,company_name896,89593 Main St,Riverton,Burlington,NJ,29521,501-640-2846,564-817-3620,first_name90.last_name896@abc.zyx,http://www.first_name90last_name896.zyx
first_name46,last_name461,company_name461,46092 Main St,Douglasville,Douglas,GA,48774,797-634-4037,874-17-1659,first_name46.last_name461@abc.zyx,http://www.first_name46last_name461.zyx
first_name33,last_name330,company_name330,32991 Main St,Jacksonville,Duval,FL,5394,891-947-4582,643-669-6712,first_name33.last_name330@abc.zyx,http://www.first_name33last_name330.zyx
first_name12,last_name125,company_name125,12452 Main St,Bangor,Penobscot,ME,98468,371-354-3305,775-618-5395,first_name12.last_name125@abc.zyx,http://www.first_name12last_name125.zyx
first_name12,last_name121,company_name121,12135 Main St,Kennedale,Tarrant,TX,85186,992-924-3104,699-654-979,first_name12.last_name121@abc.zyx,http://www.first_name12last_name121.zyx
first_name69,last_name688,company_name688,68751 Main St,Buffalo,Erie,NY,46171,651-107-3300,748-10-9361,first_name69.last_name688@abc.zyx,http://www.first_name69last_name688.zyx
first_name18,last_name184,company_name184,18436 Main St,Opa Locka,Miami-Dade,FL,39322,146-868-829,158-548-6155,first_name18.last_name184@abc.zyx,http://www.first_name18last_name184.zyx
first_name35,last_name354,company_name354,35422 Main St,New York,New York,NY,40491,888-887-9708,835-617-9081,first_name35.last_name354@abc.zyx,http://www.first_name35last_name354.zyx
first_name48,last_name480,company_name480,48024 Main St,Philadelphia,Philadelphia,PA,2065,441-295-1801,537-734-1623,first_name48.last_name480@abc.zyx,http://www.first_name48last_name480.zyx
first_name24,last_name243,company_name243,24275 Main St,Crestview,Okaloosa,FL,18665,23-248-2221,547-584-2591,first_name24.last_name243@abc.zyx,http://www.first_name24last_name243.zyx
first_name30,last_name304,company_name304,30373 Main St,San Francisco,San Francisco,CA,39318,786-853-6681,178-704-7744,first_name30.last_name304@abc.zyx,http://www.first_name30last_name304.zyx
first_name39,last_name391,company_name391,39058 Main St,San Jose,Santa Clara,CA,98987,235-557-1021,159-400-28,first_name39.last_name391@abc.zyx,http://www.first_name39last_name391.zyx
first_name38,last_name377,company_name377,37721 Main St,South San Francisco,San Mateo,CA,24303,460-519-708,275-623-2665,first_name38.last_name377@abc.zyx,http://www.first_name38last_name377.zyx
first_name93,last_name927,company_name927,92744 Main St,Northridge,Los Angeles,CA,34488,421-376-7163,499-596-5019,first_name93.last_name927@abc.zyx,http://www.first_name93last_name927.zyx
first_name8,last_name85,company_name85,8483 Main St,Philadelphia,Philadelphia,PA,50252,381-723-1624,647-340-5577,first_name8.last_name85@abc.zyx,http://www.first_name8last_name85.zyx
first_name95,last_name948,company_name948,94782 Main St,Lafayette,Lafayette,LA,18848,197-546-7918,981-126-6919,first_name95.last_name948@abc.zyx,http://www.first_name95last_name948.zyx
first_name30,last_name298,company_name298,29762 Main St,Dearborn,Wayne,MI,24674,711-50-7259,875-559-2929,first_name30.last_name298@abc.zyx,http://www.first_name30last_name298.zyx
first_name9,last_name88,company_name88,8832 Main St,Austin,Travis,TX,15889,171-667-865,938-573-1141,first_name9.last_name88@abc.zyx,http://www.first_name9last_name88.zyx
first_name90,last_name898,company_name898,89848 Main St,Dallas,Dallas,TX,92229,464-335-1781,185-959-7077,first_name90.last_name898@abc.zyx,http://www.first_name90last_name898.zyx
first_name44,last_name439,company_name439,43903 Main St,Vashon,King,WA,14624,274-646-3987,827-18-8183,first_name44.last_name439@abc.zyx,http://www.first_name44last_name439.zyx
first_name69,last_name695,company_name695,69459 Main St,Coatesville,Chester,PA,51073,93-865-8508,143-190-7664,first_name69.last_name695@abc.zyx,http://www.first_name69last_name695.zyx
first_name65,last_name645,company_name645,64514 Main St,Philadelphia,Philadelphia,PA,62886,543-185-9481,973-309-7955,first_name65.last_name645@abc.zyx,http://www.first_name65last_name645.zyx
first_name51,last_name509,company_name509,50926 Main St,Gardena,Los Angeles,CA,64529,382-481-9295,475-875-3145,first_name51.last_name509@abc.zyx,http://www.first_name51last_name509.zyx
first_name65,last_name654,company_name654,65425 Main St,Rohnert Park,Sonoma,CA,89080,415-689-7962,885-387-5140,first_name65.last_name654@abc.zyx,http://www.first_name65last_name654.zyx
first_name17,last_name167,company_name167,16683 Main St,Orlando,Orange,FL,80991,315-671-2249,34-461-2965,first_name17.last_name167@abc.zyx,http://www.first_name17last_name167.zyx
first_name45,last_name447,company_name447,44703 Main St,Escondido,San Diego,CA,92813,163-297-607,545-450-7372,first_name45.last_name447@abc.zyx,http://www.first_name45last_name447.zyx
first_name96,last_name956,company_name956,95565 Main St,Westborough,Worcester,MA,43315,502-608-8100,843-491-8914,first_name96.last_name956@abc.zyx,http://www.first_name96last_name956.zyx
first_name50,last_name502,company_name502,50159 Main St,Conroe,Montgomery,TX,37725,397-975-8589,971-233-9027,first_name50.last_name502@abc.zyx,http://www.first_name50last_name502.zyx
first_name69,last_name694,company_name694,69372 Main St,Milwaukee,Milwaukee,WI,85269,801-131-9921,31-341-5278,first_name69.last_name694@abc.zyx,http://www.first_name69last_name694.zyx
first_name2,last_name19,company_name19,1853 Main St,El Monte,Los Angeles,CA,51685,456-720-2604,366-252-5809,first_name2.last_name19@abc.zyx,http://www.first_name2last_name19.zyx
first_name49,last_name495,company_name495,49480 Main St,Yonkers,Westchester,NY,40168,574-446-2447,478-808-5461,first_name49.last_name495@abc.zyx,http://www.first_name49last_name495.zyx
first_name67,last_name669,company_name669,66924 Main St,Dallas,Dallas,TX,96475,873-812-5277,749-86-1684,first_name67.last_name669@abc.zyx,http://www.first_name67last_name669.zyx
first_name70,last_name698,company_name698,69848 Main St,Biloxi,Harrison,MS,35444,283-417-936,52-354-8567,first_name70.last_name698@abc.zyx,http://www.first_name70last_name698.zyx
first_name70,last_name702,company_name702,70151 Main St,Miami,Miami-Dade,FL,25424,170-499-820,135-89-8796,first_name70.last_name702@abc.zyx,http://www.first_name70last_name702.zyx
first_name,last_name3,company_name3,322 Main St,New York,New York,NY,45077,881-271-7032,540-825-3540,first_name.last_name3@abc.zyx,http://www.first_namelast_name3.zyx
first_name90,last_name898,company_name898,89803 Main St,Ramsey,Bergen,NJ,5718,277-790-8234,412-726-4525,first_name90.last_name898@abc.zyx,http://www.first_name90last_name898.zyx
first_name3,last_name33,company_name33,3261 Main St,Ann Arbor,Washtenaw,MI,83724,446-37-7673,735-896-6010,first_name3.last_name33@abc.zyx,http://www.first_name3last_name33.zyx
first_name45,last_name449,company_name449,44887 Main St,Deer Park,Suffolk,NY,45692,488-907-5069,758-679-2295,first_name45.last_name449@abc.zyx,http://www.first_name45last_name449.zyx
first_name100,last_name997,company_name997,99698 Main St,Canton,Stark,OH,34704,997-29-934,436-79-1747,first_name100.last_name997@abc.zyx,http://www.first_name100last_name997.zyx
first_name71,last_name708,company_name708,70790 Main St,New Haven,New Haven,CT,8906,135-556-8248,241-891-2168,first_name71.last_name708@abc.zyx,http://www.first_name71last_name708.zyx
first_name,last_name5,company_name5,458 Main St,Fairfax,Fairfax City,VA,46026,784-352-1825,333-573-1552,first_name.last_name5@abc.zyx,http://www.first_namelast_name5.zyx
first_name50,last_name500,company_name500,49996 Main St,Wilmington,Middlesex,MA,19267,970-95-50,891-387-779,first_name50.last_name500@abc.zyx,http://www.first_name50last_name500.zyx
first_name91,last_name913,company_name913,91284 Main St,Toledo,Lucas,OH,86289,214-111-4701,122-344-1066,first_name91.last_name913@abc.zyx,http://www.first_name91last_name913.zyx
first_name52,last_name523,company_name523,52332 Main St,Tacoma,Pierce,WA,92338,683-699-4704,430-968-342,first_name52.last_name523@abc.zyx,http://www.first_name52last_name523.zyx
first_name84,last_name838,company_name838,83791 Main St,Roseville,Placer,CA,13351,199-491-422,489-367-223,first_name84.last_name838@abc.zyx,http://www.first_name84last_name838.zyx
first_name86,last_name857,company_name857,85725 Main St,Riverton,Fremont,WY,83282,134-118-2729,783-637-7559,first_name86.last_name857@abc.zyx,http://www.first_name86last_name857.zyx
first_name19,last_name186,company_name186,18590 Main St,Warren,Knox,ME,56734,909-745-4481,675-73-5986,first_name19.last_name186@abc.zyx,http://www.first_name19last_name186.zyx
first_name99,last_name993,company_name993,99254 Main St,Richboro,Bucks,PA,91640,445-523-5333,939-67-2276,first_name99.last_name993@abc.zyx,http://www.first_name99last_name993.zyx
first_name32,last_name318,company_name318,31821 Main St,Tampa,Hillsborough,FL,95356,468-676-7968,992-445-3438,first_name32.last_name318@abc.zyx,http://www.first_name32last_name318.zyx
first_name38,last_name379,company_name379,37914 Main St,El Cajon,San Diego,CA,14410,690-260-2408,987-738-161,first_name38.last_name379@abc.zyx,http://www.first_name38last_name379.zyx
first_name42,last_name417,company_name417,41744 Main St,College Station,Brazos,TX,41367,317-273-4490,569-134-607,first_name42.last_name417@abc.zyx,http://www.first_name42last_name417.zyx
first_name46,last_name456,company_name456,45555 Main St,Highland Park,Lake,IL,35737,370-815-1592,141-707-5627,first_name46.last_name456@abc.zyx,http://www.first_name46last_name456.zyx
first_name89,last_name886,company_name886,88599 Main St,Atlantic City,Atlantic,NJ,86216,932-558-6978,972-521-5995,first_name89.last_name886@abc.zyx,http://www.first_name89last_name886.zyx
first_name44,last_name436,company_name436,43608 Main St,Bridgewater,Somerset,NJ,19475,48-3-1410,977-45-5769,first_name44.last_name436@abc.zyx,http://www.first_name44last_name436.zyx
first_name83,last_name830,company_name830,83018 Main St,Brooklyn,Kings,NY,37941,30-108-3800,603-980-2018,first_name83.last_name830@abc.zyx,http://www.first_name83last_name830.zyx
first_name23,last_name230,company_name230,23004 Main St,Saint Louis,Saint Louis City,MO,15108,210-160-8602,697-986-3656,first_name23.last_name230@abc.zyx,http://www.first_name23last_name230.zyx
first_name85,last_name846,company_name846,84570 Main St,Stockton,San Joaquin,CA,7043,914-288-4457,639-886-2106,first_name85.last_name846@abc.zyx,http://www.first_name85last_name846.zyx
first_name69,last_name687,company_name687,68658 Main St,Little Falls,Passaic,NJ,12413,686-749-7913,757-881-6647,first_name69.last_name687@abc.zyx,http://www.first_name69last_name687.zyx
first_name19,last_name187,company_name187,18655 Main St,Indianapolis,Marion,IN,60868,353-797-6788,429-55-8886,first_name19.last_name187@abc.zyx,http://www.first_name19last_name187.zyx
first_name99,last_name990,company_name990,98976 Main St,Seattle,King,WA,49173,278-799-5526,358-246-7800,first_name99.last_name990@abc.zyx,http://www.first_name99last_name990.zyx
first_name30,last_name297,company_name297,29722 Main St,Burlington,Alamance,NC,51718,567-359-1073,466-492-5959,first_name30.last_name297@abc.zyx,http://www.first_name30last_name297.zyx
first_name32,last_name325,company_name325,32485 Main St,Hays,Ellis,KS,8723,611-430-3247,949-997-653,first_name32.last_name325@abc.zyx,http://www.first_name32last_name325.zyx
first_name28,last_name284,company_name284,28427 Main St,Orlando,Orange,FL,864,323-745-1549,227-264-1100,first_name28.last_name284@abc.zyx,http://www.first_name28last_name284.zyx
first_name28,last_name284,company_name284,28395 Main St,Minneapolis,Hennepin,MN,86351,960-390-2004,690-594-7192,first_name28.last_name284@abc.zyx,http://www.first_name28last_name284.zyx
first_name19,last_name190,company_name190,19033 Main St,Columbia,Richland,SC,36783,835-823-4561,556-925-5729,first_name19.last_name190@abc.zyx,http://www.first_name19last_name190.zyx
first_name57,last_name569,company_name569,56856 Main St,Santa Rosa,Sonoma,CA,43262,196-78-5364,173-374-1359,first_name57.last_name569@abc.zyx,http://www.first_name57last_name569.zyx
first_name71,last_name710,company_name710,70972 Main St,Palatine,Cook,IL,9553,210-179-4075,496-473-9713,first_name71.last_name710@abc.zyx,http://www.first_name71last_name710.zyx
first_name72,last_name723,company_name723,72342 Main St,Costa Mesa,Orange,CA,48304,169-539-8051,866-447-435,first_name72.last_name723@abc.zyx,http://www.first_name72last_name723.zyx
first_name21,last_name208,company_name208,20804 Main St,Denver,Denver,CO,66460,413-204-7762,777-863-171,first_name21.last_name208@abc.zyx,http://www.first_name21last_name208.zyx
first_name43,last_name429,company_name429,42890 Main St,New Haven,New Haven,CT,57718,344-95-6628,469-251-4041,first_name43.last_name429@abc.zyx,http://www.first_name43last_name429.zyx
first_name39,last_name390,company_name390,38975 Main St,Bothell,Snohomish,WA,34791,127-266-344,801-76-2147,first_name39.last_name390@abc.zyx,http://www.first_name39last_name390.zyx
first_name84,last_name845,company_name845,84465 Main St,Strongsville,Cuyahoga,OH,40536,417-435-1637,493-304-9975,first_name84.last_name845@abc.zyx,http://www.first_name84last_name845.zyx
first_name50,last_name498,company_name498,49803 Main St,Plaistow,Rockingham,NH,98346,489-683-4319,306-269-1189,first_name50.last_name498@abc.zyx,http://www.first_name50last_name498.zyx
first_name75,last_name751,company_name751,75106 Main St,Satellite Beach,Brevard,FL,27193,967-142-7673,149-373-747,first_name75.last_name751@abc.zyx,http://www.first_name75last_name751.zyx
first_name94,last_name936,company_name936,93577 Main St,New York,New York,NY,78953,74-337-9797,346-985-1620,first_name94.last_name936@abc.zyx,http://www.first_name94last_name936.zyx
first_name26,last_name258,company_name258,25819 Main St,Huntington Beach,Orange,CA,1482,436-225-386,350-932-9859,first_name26.last_name258@abc.zyx,http://www.first_name26last_name258.zyx
first_name28,last_name284,company_name284,28353 Main St,Southfield,Oakland,MI,88464,487-834-8802,395-183-9097,first_name28.last_name284@abc.zyx,http://www.first_name28last_name284.zyx
first_name78,last_name778,company_name778,77796 Main St,Indianapolis,Marion,IN,71035,680-412-8165,728-9-2203,first_name78.last_name778@abc.zyx,http://www.first_name78last_name778.zyx
first_name30,last_name304,company_name304,30399 Main St,Wichita Falls,Wichita,TX,37988,403-883-9388,40-727-1970,first_name30.last_name304@abc.zyx,http://www.first_name30last_name304.zyx
first_name29,last_name295,company_name295,29477 Main St,North Haven,New Haven,CT,59830,164-618-7078,712-424-5207,first_name29.last_name295@abc.zyx,http://www.first_name29last_name295.zyx
first_name42,last_name418,company_name418,41767 Main St,Aberdeen,Harford,MD,27883,616-418-6343,32-249-7350,first_name42.last_name418@abc.zyx,http://www.first_name42last_name418.zyx
first_name4,last_name38,company_name38,3776 Main St,New Orleans,Orleans,LA,44638,339-302-9318,230-750-4340,first_name4.last_name38@abc.zyx,http://www.first_name4last_name38.zyx
first_name40,last_name396,company_name396,39554 Main St,Richmond,Richmond City,VA,48996,357-351-2382,638-87-826,first_name40.last_name396@abc.zyx,http://www.first_name40last_name396.zyx
first_name72,last_name720,company_name720,71972 Main St,Southampton,Bucks,PA,56372,430-157-2307,56-330-8632,first_name72.last_name720@abc.zyx,http://www.first_name72last_name720.zyx
first_name67,last_name671,company_name671,67067 Main St,Shakopee,Scott,MN,40365,125-664-7196,689-723-78,first_name67.last_name671@abc.zyx,http://www.first_name67last_name671.zyx
first_name94,last_name943,company_name943,94300 Main St,Miami,Miami-Dade,FL,93544,712-456-7798,484-514-7054,first_name94.last_name943@abc.zyx,http://www.first_name94last_name943.zyx
first_name60,last_name600,company_name600,59972 Main St,Milwaukee,Milwaukee,WI,72615,798-80-1281,158-577-5297,first_name60.last_name600@abc.zyx,http://www.first_name60last_name600.zyx
first_name37,last_name370,company_name370,37034 Main St,Somerset,Somerset,NJ,40065,140-714-3618,896-624-1925,first_name37.last_name370@abc.zyx,http://www.first_name37last_name370.zyx
first_name14,last_name142,company_name142,14192 Main St,Fargo,Cass,ND,27587,664-653-8535,799-822-865,first_name14.last_name142@abc.zyx,http://www.first_name14last_name142.zyx
first_name42,last_name417,company_name417,41734 Main St,Carson City,Carson City,NV,8795,752-131-4921,119-445-3507,first_name42.last_name417@abc.zyx,http://www.first_name42last_name417.zyx
first_name51,last_name508,company_name508,50760 Main St,Scottsdale,Maricopa,AZ,59281,51-480-2697,166-290-3766,first_name51.last_name508@abc.zyx,http://www.first_name51last_name508.zyx
first_name47,last_name475,company_name475,47454 Main St,Nashville,Davidson,TN,64957,80-439-7621,988-516-6340,first_name47.last_name475@abc.zyx,http://www.first_name47last_name475.zyx
first_name60,last_name596,company_name596,59642 Main St,Salisbury,Wicomico,MD,58963,823-167-4090,695-474-8941,first_name60.last_name596@abc.zyx,http://www.first_name60last_name596.zyx
first_name85,last_name848,company_name848,84792 Main St,New York,New York,NY,16633,873-322-7139,943-907-776,first_name85.last_name848@abc.zyx,http://www.first_name85last_name848.zyx
first_name77,last_name774,company_name774,77411 Main St,Amarillo,Randall,TX,60140,541-451-9544,506-345-2048,first_name77.last_name774@abc.zyx,http://www.first_name77last_name774.zyx
first_name65,last_name648,company_name648,64810 Main St,Los Angeles,Los Angeles,CA,39051,179-480-8963,864-597-4287,first_name65.last_name648@abc.zyx,http://www.first_name65last_name648.zyx
first_name71,last_name715,company_name715,71498 Main St,La Mesa,San Diego,CA,97495,823-630-4288,601-168-5394,first_name71.last_name715@abc.zyx,http://www.first_name71last_name715.zyx
first_name12,last_name122,company_name122,12209 Main St,Atlanta,Fulton,GA,25463,192-877-1411,131-241-6219,first_name12.last_name122@abc.zyx,http://www.first_name12last_name122.zyx
first_name73,last_name730,company_name730,72984 Main St,Worcester,Worcester,MA,22641,592-356-6332,654-806-2928,first_name73.last_name730@abc.zyx,http://www.first_name73last_name730.zyx
first_name53,last_name535,company_name535,53470 Main St,Niles,Berrien,MI,84942,958-819-5275,544-887-2306,first_name53.last_name535@abc.zyx,http://www.first_name53last_name535.zyx
first_name10,last_name98,company_name98,9819 Main St,Fairfield,Essex,NJ,98137,147-45-675,906-561-3837,first_name10.last_name98@abc.zyx,http://www.first_name10last_name98.zyx
first_name72,last_name716,company_name716,71595 Main St,Lafayette,Lafayette,LA,84102,74-269-4321,683-729-1787,first_name72.last_name716@abc.zyx,http://www.first_name72last_name716.zyx
first_name17,last_name174,company_name174,17384 Main St,Denver,Lancaster,PA,80706,502-60-3042,938-422-4446,first_name17.last_name174@abc.zyx,http://www.first_name17last_name174.zyx
first_name69,last_name685,company_name685,68507 Main St,Valley Park,Saint Louis,MO,68860,711-338-5877,846-411-105,first_name69.last_name685@abc.zyx,http://www.first_name69last_name685.zyx
first_name12,last_name119,company_name119,11895 Main St,Arlington,Tarrant,TX,38498,618-868-9909,745-444-2818,first_name12.last_name119@abc.zyx,http://www.first_name12last_name119.zyx
first_name83,last_name826,company_name826,82591 Main St,Tampa,Hillsborough,FL,82617,336-965-9687,781-330-9070,first_name83.last_name826@abc.zyx,http://www.first_name83last_name826.zyx
first_name4,last_name40,company_name40,3996 Main St,Atlanta,Fulton,GA,72271,509-156-5108,403-94-9219,first_name4.last_name40@abc.zyx,http://www.first_name4last_name40.zyx
first_name65,last_name654,company_name654,65413 Main St,Cathedral City,Riverside,CA,19216,23-882-5403,544-687-6683,first_name65.last_name654@abc.zyx,http://www.first_name65last_name654.zyx
first_name61,last_name607,company_name607,60745 Main St,Lansing,Ingham,MI,49445,771-155-7570,433-146-8573,first_name61.last_name607@abc.zyx,http://www.first_name61last_name607.zyx
first_name41,last_name412,company_name412,41204 Main St,Phoenix,Maricopa,AZ,30149,251-266-6977,812-679-7725,first_name41.last_name412@abc.zyx,http://www.first_name41last_name412.zyx
first_name13,last_name131,company_name131,13085 Main St,Bangor,Penobscot,ME,89221,251-243-9763,710-14-6458,first_name13.last_name131@abc.zyx,http://www.first_name13last_name131.zyx
first_name43,last_name427,company_name427,42737 Main St,Clinton,Prince Georges,MD,82788,858-72-2775,641-442-5373,first_name43.last_name427@abc.zyx,http://www.first_name43last_name427.zyx
first_name96,last_name959,company_name959,95888 Main St,York,York,PA,28151,170-775-9953,882-92-8212,first_name96.last_name959@abc.zyx,http://www.first_name96last_name959.zyx
first_name80,last_name796,company_name796,79646 Main St,Mesquite,Dallas,TX,39397,436-375-4342,663-292-7796,first_name80.last_name796@abc.zyx,http://www.first_name80last_name796.zyx
first_name70,last_name704,company_name704,70378 Main St,Butte,Silver Bow,MT,78193,510-875-6049,515-749-2506,first_name70.last_name704@abc.zyx,http://www.first_name70last_name704.zyx
first_name11,last_name110,company_name110,11002 Main St,Livingston,Essex,NJ,19193,593-449-1102,80-76-4302,first_name11.last_name110@abc.zyx,http://www.first_name11last_name110.zyx
first_name15,last_name148,company_name148,14845 Main St,Waterford,Oakland,MI,34647,63-287-7713,859-700-8154,first_name15.last_name148@abc.zyx,http://www.first_name15last_name148.zyx
first_name56,last_name561,company_name561,56105 Main St,Cleveland,Cuyahoga,OH,39743,59-577-3685,318-125-796,first_name56.last_name561@abc.zyx,http://www.first_name56last_name561.zyx
first_name5,last_name55,company_name55,5457 Main St,Abilene,Taylor,TX,21,680-174-786,74-654-1620,first_name5.last_name55@abc.zyx,http://www.first_name5last_name55.zyx
first_name77,last_name773,company_name773,77321 Main St,Fort Worth,Tarrant,TX,98225,955-523-2533,598-114-4992,first_name77.last_name773@abc.zyx,http://www.first_name77last_name773.zyx
first_name13,last_name134,company_name134,13414 Main St,Brooklyn,Kings,NY,49190,293-199-1413,675-30-6950,first_name13.last_name134@abc.zyx,http://www.first_name13last_name134.zyx
first_name71,last_name706,company_name706,70618 Main St,Providence,Providence,RI,10442,144-440-7206,229-620-2847,first_name71.last_name706@abc.zyx,http://www.first_name71last_name706.zyx
first_name65,last_name647,company_name647,64704 Main St,Lancaster,Lancaster,PA,22380,154-383-9785,636-387-4702,first_name65.last_name647@abc.zyx,http://www.first_name65last_name647.zyx
first_name39,last_name394,company_name394,39352 Main St,Johnston,Providence,RI,84454,303-779-534,850-342-8905,first_name39.last_name394@abc.zyx,http://www.first_name39last_name394.zyx
first_name4,last_name43,company_name43,4350 Main St,Hialeah,Miami-Dade,FL,75908,991-825-7512,526-798-5794,first_name4.last_name43@abc.zyx,http://www.first_name4last_name43.zyx
first_name29,last_name291,company_name291,29122 Main St,Jersey City,Hudson,NJ,87536,349-950-9720,443-609-5783,first_name29.last_name291@abc.zyx,http://www.first_name29last_name291.zyx
first_name89,last_name886,company_name886,88575 Main St,San Antonio,Bexar,TX,76289,381-983-1058,158-913-6726,first_name89.last_name886@abc.zyx,http://www.first_name89last_name886.zyx
first_name19,last_name189,company_name189,18949 Main St,Brooklyn,Kings,NY,23856,780-929-7348,227-169-2444,first_name19.last_name189@abc.zyx,http://www.first_name19last_name189.zyx
first_name87,last_name868,company_name868,86849 Main St,Pomona,Los Angeles,CA,81488,503-946-2473,625-895-4797,first_name87.last_name868@abc.zyx,http://www.first_name87last_name868.zyx
first_name54,last_name540,company_name540,53971 Main St,Cleveland,Cuyahoga,OH,67216,554-599-9578,806-976-5977,first_name54.last_name540@abc.zyx,http://www.first_name54last_name540.zyx
first_name42,last_name418,company_name418,41824 Main St,New York,New York,NY,55510,19-567-1458,185-278-8764,first_name42.last_name418@abc.zyx,http://www.first_name42last_name418.zyx
first_name56,last_name564,company_name564,56428 Main St,Richmond,Richmond City,VA,73666,664-373-6932,119-930-7118,first_name56.last_name564@abc.zyx,http://www.first_name56last_name564.zyx
first_name29,last_name286,company_name286,28615 Main St,Trion,Chattooga,GA,98538,189-156-8355,784-283-8423,first_name29.last_name286@abc.zyx,http://www.first_name29last_name286.zyx
first_name53,last_name528,company_name528,52769 Main St,Broussard,Lafayette,LA,82549,238-527-4879,213-466-8581,first_name53.last_name528@abc.zyx,http://www.first_name53last_name528.zyx
first_name12,last_name121,company_name121,12059 Main St,Nutley,Essex,NJ,81169,422-627-615,825-955-7509,first_name12.last_name121@abc.zyx,http://www.first_name12last_name121.zyx
first_name71,last_name706,company_name706,70627 Main St,Vestal,Broome,NY,20593,799-67-7365,308-191-5389,first_name71.last_name706@abc.zyx,http://www.first_name71last_name706.zyx
first_name26,last_name259,company_name259,25854 Main St,Passaic,Passaic,NJ,73950,725-992-9261,925-108-9849,first_name26.last_name259@abc.zyx,http://www.first_name26last_name259.zyx
first_name15,last_name152,company_name152,15239 Main St,Moscow,Latah,ID,16719,246-719-7444,671-342-2104,first_name15.last_name152@abc.zyx,http://www.first_name15last_name152.zyx
first_name94,last_name945,company_name945,94473 Main St,San Francisco,San Francisco,CA,17349,558-881-7343,426-568-542,first_name94.last_name945@abc.zyx,http://www.first_name94last_name945.zyx
first_name77,last_name767,company_name767,76744 Main St,North Attleboro,Bristol,MA,43365,636-584-5712,384-685-9228,first_name77.last_name767@abc.zyx,http://www.first_name77last_name767.zyx
first_name92,last_name920,company_name920,91969 Main St,Rochester,Oakland,MI,57982,352-703-5646,216-262-5207,first_name92.last_name920@abc.zyx,http://www.first_name92last_name920.zyx
first_name95,last_name948,company_name948,94818 Main St,Green Bay,Brown,WI,97809,665-328-962,230-31-4240,first_name95.last_name948@abc.zyx,http://www.first_name95last_name948.zyx
first_name86,last_name864,company_name864,86414 Main St,Baltimore,Baltimore City,MD,4174,775-784-7079,844-489-8950,first_name86.last_name864@abc.zyx,http://www.first_name86last_name864.zyx
first_name8,last_name76,company_name76,7609 Main St,Colorado Springs,El Paso,CO,28394,879-392-2123,220-313-443,first_name8.last_name76@abc.zyx,http://www.first_name8last_name76.zyx
first_name51,last_name515,company_name515,51470 Main St,Toledo,Lucas,OH,63026,712-565-4125,474-644-9316,first_name51.last_name515@abc.zyx,http://www.first_name51last_name515.zyx
first_name47,last_name474,company_name474,47400 Main St,Hyattsville,Prince Georges,MD,97984,370-905-5225,395-830-8462,first_name47.last_name474@abc.zyx,http://www.first_name47last_name474.zyx
first_name87,last_name873,company_name873,87340 Main St,New Bedford,Bristol,MA,38944,625-589-6100,907-663-2412,first_name87.last_name873@abc.zyx,http://www.first_name87last_name873.zyx
first_name74,last_name736,company_name736,73627 Main St,Mc Lean,Fairfax,VA,69619,958-533-233,468-282-7747,first_name74.last_name736@abc.zyx,http://www.first_name74last_name736.zyx
first_name97,last_name966,company_name966,96630 Main St,Hanover,Anne Arundel,MD,42978,390-45-8271,67-246-3003,first_name97.last_name966@abc.zyx,http://www.first_name97last_name966.zyx
first_name64,last_name639,company_name639,63949 Main St,Austin,Travis,TX,31177,561-863-4850,229-457-4692,first_name64.last_name639@abc.zyx,http://www.first_name64last_name639.zyx
first_name65,last_name649,company_name649,64909 Main St,Peoria,Maricopa,AZ,95550,791-843-2878,652-539-1857,first_name65.last_name649@abc.zyx,http://www.first_name65last_name649.zyx
first_name37,last_name369,company_name369,36859 Main St,Bucyrus,Crawford,OH,77497,373-249-8738,911-80-7629,first_name37.last_name369@abc.zyx,http://www.first_name37last_name369.zyx
first_name67,last_name673,company_name673,67337 Main St,Kent,King,WA,83706,594-960-1776,450-254-8907,first_name67.last_name673@abc.zyx,http://www.first_name67last_name673.zyx
first_name9,last_name93,company_name93,9283 Main St,Cincinnati,Hamilton,OH,81580,223-469-2379,195-260-4660,first_name9.last_name93@abc.zyx,http://www.first_name9last_name93.zyx
first_name85,last_name848,company_name848,84768 Main St,Bloomington,Monroe,IN,84295,967-901-5834,840-111-3348,first_name85.last_name848@abc.zyx,http://www.first_name85last_name848.zyx
first_name56,last_name563,company_name563,56300 Main St,Arlington Heights,Cook,IL,19673,40-590-2935,184-832-3828,first_name56.last_name563@abc.zyx,http://www.first_name56last_name563.zyx
first_name53,last_name528,company_name528,52785 Main St,Brooklyn,Kings,NY,40770,388-42-2333,404-162-7988,first_name53.last_name528@abc.zyx,http://www.first_name53last_name528.zyx
first_name87,last_name873,company_name873,87331 Main St,Orlando,Orange,FL,60365,136-327-5719,408-645-5245,first_name87.last_name873@abc.zyx,http://www.first_name87last_name873.zyx
first_name50,last_name495,company_name495,49541 Main St,Beverly Hills,Los Angeles,CA,75585,366-414-1612,450-394-1388,first_name50.last_name495@abc.zyx,http://www.first_name50last_name495.zyx
first_name22,last_name220,company_name220,22047 Main St,Brandon,Hillsborough,FL,59345,892-995-9287,869-494-9827,first_name22.last_name220@abc.zyx,http://www.first_name22last_name220.zyx
first_name13,last_name128,company_name128,12757 Main St,El Paso,El Paso,TX,59234,306-727-6252,410-862-7532,first_name13.last_name128@abc.zyx,http://www.first_name13last_name128.zyx
first_name28,last_name280,company_name280,27993 Main St,El Cajon,San Diego,CA,97989,389-343-7509,92-618-5581,first_name28.last_name280@abc.zyx,http://www.first_name28last_name280.zyx
first_name43,last_name433,company_name433,43282 Main St,Bladensburg,Prince Georges,MD,63560,913-898-4050,270-554-3245,first_name43.last_name433@abc.zyx,http://www.first_name43last_name433.zyx
first_name71,last_name711,company_name711,71148 Main St,Anaheim,Orange,CA,50296,537-458-3016,83-659-2191,first_name71.last_name711@abc.zyx,http://www.first_name71last_name711.zyx
first_name9,last_name92,company_name92,9196 Main St,Saint Louis,Saint Louis City,MO,25203,309-546-7369,192-603-8411,first_name9.last_name92@abc.zyx,http://www.first_name9last_name92.zyx
first_name25,last_name255,company_name255,25481 Main St,Round Rock,Williamson,TX,23596,419-717-1663,902-794-6097,first_name25.last_name255@abc.zyx,http://www.first_name25last_name255.zyx
first_name24,last_name241,company_name241,24100 Main St,Greensboro,Guilford,NC,22780,279-969-4116,341-416-2762,first_name24.last_name241@abc.zyx,http://www.first_name24last_name241.zyx
first_name37,last_name371,company_name371,37145 Main St,Coram,Suffolk,NY,85242,167-47-334,753-596-5792,first_name37.last_name371@abc.zyx,http://www.first_name37last_name371.zyx
first_name31,last_name308,company_name308,30782 Main St,Lyndhurst,Bergen,NJ,61817,68-283-7244,678-735-49,first_name31.last_name308@abc.zyx,http://www.first_name31last_name308.zyx
first_name54,last_name541,company_name541,54112 Main St,Memphis,Shelby,TN,36739,637-319-1468,369-859-2575,first_name54.last_name541@abc.zyx,http://www.first_name54last_name541.zyx
first_name25,last_name246,company_name246,24633 Main St,Atlanta,Fulton,GA,93201,118-630-3095,402-462-2439,first_name25.last_name246@abc.zyx,http://www.first_name25last_name246.zyx
first_name20,last_name204,company_name204,20384 Main St,Pacifica,San Mateo,CA,9821,523-23-1301,197-387-1324,first_name20.last_name204@abc.zyx,http://www.first_name20last_name204.zyx
first_name68,last_name683,company_name683,68342 Main St,Burnsville,Dakota,MN,45347,115-632-241,201-232-6060,first_name68.last_name683@abc.zyx,http://www.first_name68last_name683.zyx
first_name24,last_name244,company_name244,24363 Main St,Scottsdale,Maricopa,AZ,55469,873-127-2552,843-84-1552,first_name24.last_name244@abc.zyx,http://www.first_name24last_name244.zyx
first_name92,last_name919,company_name919,91927 Main St,Long Island City,Queens,NY,74008,566-746-1894,918-736-5746,first_name92.last_name919@abc.zyx,http://www.first_name92last_name919.zyx
first_name70,last_name704,company_name704,70405 Main St,Atlanta,Dekalb,GA,40363,444-780-892,291-480-3529,first_name70.last_name704@abc.zyx,http://www.first_name70last_name704.zyx
first_name33,last_name327,company_name327,32690 Main St,Northfield,Rice,MN,97097,537-166-3282,26-288-5495,first_name33.last_name327@abc.zyx,http://www.first_name33last_name327.zyx
first_name28,last_name277,company_name277,27670 Main St,Norwalk,Fairfield,CT,29507,226-164-5597,732-789-2551,first_name28.last_name277@abc.zyx,http://www.first_name28last_name277.zyx
first_name48,last_name483,company_name483,48254 Main St,Fort Wayne,Allen,IN,76518,964-975-8995,722-201-161,first_name48.last_name483@abc.zyx,http://www.first_name48last_name483.zyx
first_name54,last_name541,company_name541,54078 Main St,Meridian,Lauderdale,MS,27563,161-247-4490,4-321-8548,first_name54.last_name541@abc.zyx,http://www.first_name54last_name541.zyx
first_name26,last_name256,company_name256,25558 Main St,Sterling Heights,Macomb,MI,95266,330-673-530,967-640-7837,first_name26.last_name256@abc.zyx,http://www.first_name26last_name256.zyx
first_name92,last_name922,company_name922,92166 Main St,Colorado Springs,El Paso,CO,96066,459-886-1943,832-543-5571,first_name92.last_name922@abc.zyx,http://www.first_name92last_name922.zyx
first_name4,last_name37,company_name37,3693 Main St,New York,New York,NY,78218,216-665-8226,978-443-7209,first_name4.last_name37@abc.zyx,http://www.first_name4last_name37.zyx
first_name86,last_name860,company_name860,86045 Main St,Hayward,Alameda,CA,18898,197-21-9893,816-171-6207,first_name86.last_name860@abc.zyx,http://www.first_name86last_name860.zyx
first_name21,last_name208,company_name208,20788 Main St,Chicago,Cook,IL,22867,337-353-8618,902-290-4375,first_name21.last_name208@abc.zyx,http://www.first_name21last_name208.zyx
first_name25,last_name246,company_name246,24578 Main St,Scranton,Lackawanna,PA,45044,317-311-9928,281-785-994,first_name25.last_name246@abc.zyx,http://www.first_name25last_name246.zyx
first_name19,last_name187,company_name187,18742 Main St,Oroville,Butte,CA,73524,113-7-8481,263-210-9719,first_name19.last_name187@abc.zyx,http://www.first_name19last_name187.zyx
first_name99,last_name993,company_name993,99257 Main St,Port Jervis,Orange,NY,81583,751-722-5471,14-190-2729,first_name99.last_name993@abc.zyx,http://www.first_name99last_name993.zyx
first_name1,last_name9,company_name9,905 Main St,Brook Park,Cuyahoga,OH,94833,512-137-2075,731-821-7959,first_name1.last_name9@abc.zyx,http://www.first_name1last_name9.zyx
first_name31,last_name310,company_name310,31047 Main St,Bloomfield,Essex,NJ,69131,346-161-1070,307-606-4317,first_name31.last_name310@abc.zyx,http://www.first_name31last_name310.zyx
first_name75,last_name755,company_name755,75465 Main St,Anchorage,Anchorage,AK,87747,429-980-6302,192-841-2702,first_name75.last_name755@abc.zyx,http://www.first_name75last_name755.zyx
first_name6,last_name55,company_name55,5523 Main St,Philadelphia,Philadelphia,PA,67578,171-854-8899,485-34-8160,first_name6.last_name55@abc.zyx,http://www.first_name6last_name55.zyx
first_name42,last_name422,company_name422,42207 Main St,Cincinnati,Hamilton,OH,86612,20-623-3340,685-51-8876,first_name42.last_name422@abc.zyx,http://www.first_name42last_name422.zyx
first_name5,last_name49,company_name49,4918 Main St,Gardena,Los Angeles,CA,9421,192-774-8955,492-43-9738,first_name5.last_name49@abc.zyx,http://www.first_name5last_name49.zyx
first_name44,last_name440,company_name440,44045 Main St,Des Moines,Polk,IA,16437,590-188-664,309-788-8788,first_name44.last_name440@abc.zyx,http://www.first_name44last_name440.zyx
first_name40,last_name400,company_name400,39984 Main St,King of Prussia,Montgomery,PA,27325,699-670-8740,775-966-9212,first_name40.last_name400@abc.zyx,http://www.first_name40last_name400.zyx
first_name51,last_name512,company_name512,51169 Main St,Raleigh,Wake,NC,71240,262-802-5014,797-146-5447,first_name51.last_name512@abc.zyx,http://www.first_name51last_name512.zyx
first_name98,last_name975,company_name975,97525 Main St,Richland,Benton,WA,67044,67-965-1917,740-371-1688,first_name98.last_name975@abc.zyx,http://www.first_name98last_name975.zyx
first_name22,last_name221,company_name221,22097 Main St,Pelham,Westchester,NY,3919,234-448-8530,680-81-2437,first_name22.last_name221@abc.zyx,http://www.first_name22last_name221.zyx
first_name3,last_name34,company_name34,3422 Main St,Parkville,Baltimore,MD,26298,227-877-2708,354-938-3218,first_name3.last_name34@abc.zyx,http://www.first_name3last_name34.zyx
first_name55,last_name551,company_name551,55125 Main St,Hicksville,Nassau,NY,2249,870-161-4687,667-414-6379,first_name55.last_name551@abc.zyx,http://www.first_name55last_name551.zyx
first_name53,last_name527,company_name527,52749 Main St,Worcester,Worcester,MA,37279,552-626-542,787-978-5053,first_name53.last_name527@abc.zyx,http://www.first_name53last_name527.zyx
first_name94,last_name944,company_name944,94372 Main St,Tulsa,Tulsa,OK,67937,197-63-7331,320-173-3645,first_name94.last_name944@abc.zyx,http://www.first_name94last_name944.zyx
first_name24,last_name243,company_name243,24349 Main St,Muskegon,Muskegon,MI,85558,560-594-1542,949-108-4066,first_name24.last_name243@abc.zyx,http://www.first_name24last_name243.zyx
first_name83,last_name835,company_name835,83490 Main St,Lafayette,Lafayette,LA,96681,913-692-1531,917-105-2735,first_name83.last_name835@abc.zyx,http://www.first_name83last_name835.zyx
first_name29,last_name292,company_name292,29220 Main St,Bowling Green,Wood,OH,95674,261-922-3501,989-122-6334,first_name29.last_name292@abc.zyx,http://www.first_name29last_name292.zyx
first_name98,last_name980,company_name980,97999 Main St,La Mesa,San Diego,CA,39117,951-94-901,548-770-3855,first_name98.last_name980@abc.zyx,http://www.first_name98last_name980.zyx
first_name58,last_name581,company_name581,58082 Main St,Bridgeport,Fairfield,CT,96357,78-930-4751,948-247-2682,first_name58.last_name581@abc.zyx,http://www.first_name58last_name581.zyx
first_name40,last_name401,company_name401,40098 Main St,Kearny,Hudson,NJ,8997,221-958-3726,159-942-6157,first_name40.last_name401@abc.zyx,http://www.first_name40last_name401.zyx
first_name33,last_name334,company_name334,33388 Main St,Barberton,Summit,OH,24420,17-670-1065,24-821-7524,first_name33.last_name334@abc.zyx,http://www.first_name33last_name334.zyx
first_name45,last_name447,company_name447,44737 Main St,Englewood,Bergen,NJ,31502,476-690-8000,417-508-6162,first_name45.last_name447@abc.zyx,http://www.first_name45last_name447.zyx
first_name7,last_name68,company_name68,6799 Main St,Grand Rapids,Kent,MI,84841,849-257-8040,733-656-5847,first_name7.last_name68@abc.zyx,http://www.first_name7last_name68.zyx
first_name55,last_name552,company_name552,55156 Main St,Pearl,Rankin,MS,15812,110-193-8438,274-387-6870,first_name55.last_name552@abc.zyx,http://www.first_name55last_name552.zyx
first_name90,last_name903,company_name903,90350 Main St,Memphis,Shelby,TN,40727,814-92-2943,945-150-5911,first_name90.last_name903@abc.zyx,http://www.first_name90last_name903.zyx
first_name89,last_name892,company_name892,89219 Main St,Englewood,Arapahoe,CO,82802,837-339-2631,920-553-8230,first_name89.last_name892@abc.zyx,http://www.first_name89last_name892.zyx
first_name44,last_name444,company_name444,44412 Main St,Memphis,Shelby,TN,91154,678-436-9350,414-722-2002,first_name44.last_name444@abc.zyx,http://www.first_name44last_name444.zyx
first_name42,last_name421,company_name421,42127 Main St,Pasadena,Los Angeles,CA,82832,74-428-8052,232-941-440,first_name42.last_name421@abc.zyx,http://www.first_name42last_name421.zyx
first_name54,last_name539,company_name539,53940 Main St,Chicago,Cook,IL,60559,385-848-5141,837-475-3265,first_name54.last_name539@abc.zyx,http://www.first_name54last_name539.zyx
first_name43,last_name428,company_name428,42795 Main St,Astoria,Queens,NY,17321,684-426-3259,392-958-5412,first_name43.last_name428@abc.zyx,http://www.first_name43last_name428.zyx
first_name85,last_name846,company_name846,84616 Main St,Richland,Benton,WA,98286,910-179-1238,757-774-7042,first_name85.last_name846@abc.zyx,http://www.first_name85last_name846.zyx
first_name15,last_name151,company_name151,15059 Main St,Baltimore,Baltimore City,MD,62375,595-445-1622,998-226-3660,first_name15.last_name151@abc.zyx,http://www.first_name15last_name151.zyx
first_name34,last_name341,company_name341,34133 Main St,Newark,Essex,NJ,42089,358-12-505,87-866-7128,first_name34.last_name341@abc.zyx,http://www.first_name34last_name341.zyx
first_name45,last_name445,company_name445,44514 Main St,Bellflower,Los Angeles,CA,80754,133-453-1027,956-261-5195,first_name45.last_name445@abc.zyx,http://www.first_name45last_name445.zyx
first_name1,last_name14,company_name14,1401 Main St,Toms River,Ocean,NJ,77699,847-603-4932,391-850-1082,first_name1.last_name14@abc.zyx,http://www.first_name1last_name14.zyx
first_name64,last_name644,company_name644,64426 Main St,Denville,Morris,NJ,39207,967-667-2994,336--5454,first_name64.last_name644@abc.zyx,http://www.first_name64last_name644.zyx
first_name86,last_name856,company_name856,85649 Main St,Denver,Denver,CO,69345,521-922-6654,315-559-5459,first_name86.last_name856@abc.zyx,http://www.first_name86last_name856.zyx
first_name67,last_name665,company_name665,66501 Main St,Newport News,Newport News City,VA,39989,582-193-6273,12-129-7162,first_name67.last_name665@abc.zyx,http://www.first_name67last_name665.zyx
first_name38,last_name382,company_name382,38200 Main St,Phoenix,Maricopa,AZ,54154,404-543-1566,502-931-213,first_name38.last_name382@abc.zyx,http://www.first_name38last_name382.zyx
first_name15,last_name150,company_name150,15012 Main St,Miami,Miami-Dade,FL,5272,156-997-3782,460-807-8508,first_name15.last_name150@abc.zyx,http://www.first_name15last_name150.zyx
first_name32,last_name322,company_name322,32189 Main St,Phoenix,Maricopa,AZ,99774,821-816-7925,791-316-2235,first_name32.last_name322@abc.zyx,http://www.first_name32last_name322.zyx
first_name65,last_name651,company_name651,65116 Main St,Oak Hill,Volusia,FL,65425,835-189-9173,931-11-2685,first_name65.last_name651@abc.zyx,http://www.first_name65last_name651.zyx
first_name7,last_name67,company_name67,6665 Main St,San Francisco,San Francisco,CA,81051,58-7-4227,739-532-1712,first_name7.last_name67@abc.zyx,http://www.first_name7last_name67.zyx
first_name59,last_name595,company_name595,59466 Main St,San Diego,San Diego,CA,39100,593-591-1745,348-940-1128,first_name59.last_name595@abc.zyx,http://www.first_name59last_name595.zyx
first_name26,last_name258,company_name258,25809 Main St,Jersey City,Hudson,NJ,42674,384-814-3084,622-141-1356,first_name26.last_name258@abc.zyx,http://www.first_name26last_name258.zyx
first_name63,last_name625,company_name625,62508 Main St,San Bernardino,San Bernardino,CA,62897,910-602-461,279-368-7381,first_name63.last_name625@abc.zyx,http://www.first_name63last_name625.zyx
first_name68,last_name679,company_name679,67917 Main St,Cambridge,Middlesex,MA,22216,424-320-7378,137-711-389,first_name68.last_name679@abc.zyx,http://www.first_name68last_name679.zyx
first_name31,last_name313,company_name313,31304 Main St,Escondido,San Diego,CA,39224,273-874-4229,719-748-7660,first_name31.last_name313@abc.zyx,http://www.first_name31last_name313.zyx
first_name77,last_name769,company_name769,76851 Main St,Gardena,Los Angeles,CA,16030,361-687-4868,730-23-1481,first_name77.last_name769@abc.zyx,http://www.first_name77last_name769.zyx
first_name41,last_name414,company_name414,41428 Main St,Harrisburg,Dauphin,PA,20639,928-246-6505,629-910-590,first_name41.last_name414@abc.zyx,http://www.first_name41last_name414.zyx
first_name16,last_name159,company_name159,15918 Main St,Mesa,Maricopa,AZ,77548,625-651-1407,602-480-4997,first_name16.last_name159@abc.zyx,http://www.first_name16last_name159.zyx
first_name69,last_name687,company_name687,68710 Main St,Lake Worth,Palm Beach,FL,31659,190-120-4536,194-874-7385,first_name69.last_name687@abc.zyx,http://www.first_name69last_name687.zyx
first_name38,last_name379,company_name379,37949 Main St,Nashville,Davidson,TN,9171,993-385-8680,730-679-9599,first_name38.last_name379@abc.zyx,http://www.first_name38last_name379.zyx
first_name93,last_name928,company_name928,92800 Main St,Burlington,Boone,KY,62091,742-974-4530,292-926-2751,first_name93.last_name928@abc.zyx,http://www.first_name93last_name928.zyx
first_name14,last_name139,company_name139,13876 Main St,Milan,Monroe,MI,74671,122-48-1633,1000-292-7194,first_name14.last_name139@abc.zyx,http://www.first_name14last_name139.zyx
first_name49,last_name491,company_name491,49141 Main St,Conroe,Montgomery,TX,91597,578-717-3682,688-321-4713,first_name49.last_name491@abc.zyx,http://www.first_name49last_name491.zyx
first_name31,last_name307,company_name307,30721 Main St,Clifton,Passaic,NJ,6404,899-915-6202,117-654-817,first_name31.last_name307@abc.zyx,http://www.first_name31last_name307.zyx
first_name23,last_name230,company_name230,23014 Main St,Union City,Hudson,NJ,49979,29-618-9433,469-53-2519,first_name23.last_name230@abc.zyx,http://www.first_name23last_name230.zyx
first_name28,last_name283,company_name283,28261 Main St,Miami,Miami-Dade,FL,95161,424-948-5865,761-550-8779,first_name28.last_name283@abc.zyx,http://www.first_name28last_name283.zyx
first_name91,last_name914,company_name914,91421 Main St,Moss,Clay,TN,58590,505-692-4995,575-194-1228,first_name91.last_name914@abc.zyx,http://www.first_name91last_name914.zyx
first_name46,last_name461,company_name461,46094 Main St,Santa Ana,Orange,CA,57354,200-494-9063,775-629-6935,first_name46.last_name461@abc.zyx,http://www.first_name46last_name461.zyx
first_name92,last_name921,company_name921,92096 Main St,Rolling Meadows,Cook,IL,93318,833-974-1914,880-221-4231,first_name92.last_name921@abc.zyx,http://www.first_name92last_name921.zyx
first_name60,last_name598,company_name598,59799 Main St,Hatfield,Montgomery,PA,70210,975-927-9245,237-843-8818,first_name60.last_name598@abc.zyx,http://www.first_name60last_name598.zyx
first_name2,last_name18,company_name18,1798 Main St,Whippany,Morris,NJ,6283,924-878-6598,276-256-4324,first_name2.last_name18@abc.zyx,http://www.first_name2last_name18.zyx
first_name71,last_name711,company_name711,71143 Main St,Erie,Erie,PA,69433,598-154-1878,166-797-1600,first_name71.last_name711@abc.zyx,http://www.first_name71last_name711.zyx
first_name27,last_name272,company_name272,27173 Main St,Salt Lake City,Salt Lake,UT,63334,583-198-6173,96-283-237,first_name27.last_name272@abc.zyx,http://www.first_name27last_name272.zyx
first_name78,last_name783,company_name783,78322 Main St,Fayetteville,Cumberland,NC,22615,199-850-4765,132-842-7342,first_name78.last_name783@abc.zyx,http://www.first_name78last_name783.zyx
first_name46,last_name456,company_name456,45647 Main St,Los Angeles,Los Angeles,CA,95593,809-400-1878,265-50-8924,first_name46.last_name456@abc.zyx,http://www.first_name46last_name456.zyx
first_name29,last_name291,company_name291,29126 Main St,East Lansing,Ingham,MI,52026,33-982-4519,40-700-6806,first_name29.last_name291@abc.zyx,http://www.first_name29last_name291.zyx
first_name40,last_name399,company_name399,39893 Main St,Utica,Oneida,NY,55022,761-554-8108,391-526-8782,first_name40.last_name399@abc.zyx,http://www.first_name40last_name399.zyx
first_name50,last_name504,company_name504,50448 Main St,South Bend,St Joseph,IN,1175,759-797-463,327-421-8347,first_name50.last_name504@abc.zyx,http://www.first_name50last_name504.zyx
first_name67,last_name667,company_name667,66722 Main St,Orlando,Orange,FL,30878,637-692-4682,454-482-7467,first_name67.last_name667@abc.zyx,http://www.first_name67last_name667.zyx
first_name87,last_name867,company_name867,86706 Main St,Harrison,Hudson,NJ,2924,196-143-3624,692-560-6695,first_name87.last_name867@abc.zyx,http://www.first_name87last_name867.zyx
first_name99,last_name985,company_name985,98522 Main St,Trenton,Mercer,NJ,30613,610-330-1935,954-139-8370,first_name99.last_name985@abc.zyx,http://www.first_name99last_name985.zyx
first_name37,last_name371,company_name371,37113 Main St,Madison,Dane,WI,74071,779-798-1705,712-807-4408,first_name37.last_name371@abc.zyx,http://www.first_name37last_name371.zyx
first_name50,last_name502,company_name502,50246 Main St,Katonah,Westchester,NY,60157,106-665-5965,593-251-7170,first_name50.last_name502@abc.zyx,http://www.first_name50last_name502.zyx
first_name21,last_name214,company_name214,21359 Main St,Greensboro,Guilford,NC,54653,546-807-9448,365-127-1283,first_name21.last_name214@abc.zyx,http://www.first_name21last_name214.zyx
first_name17,last_name171,company_name171,17061 Main St,Baltimore,Baltimore City,MD,44023,108-90-6719,786-250-3451,first_name17.last_name171@abc.zyx,http://www.first_name17last_name171.zyx
first_name67,last_name668,company_name668,66784 Main St,Monroe Township,Middlesex,NJ,73798,426-774-2554,782-252-7723,first_name67.last_name668@abc.zyx,http://www.first_name67last_name668.zyx
first_name21,last_name214,company_name214,21432 Main St,Kerrville,Kerr,TX,15238,242-365-5923,843-630-3928,first_name21.last_name214@abc.zyx,http://www.first_name21last_name214.zyx
first_name5,last_name51,company_name51,5062 Main St,Elk Grove Village,Cook,IL,49711,27-225-103,926-689-1803,first_name5.last_name51@abc.zyx,http://www.first_name5last_name51.zyx
first_name47,last_name469,company_name469,46861 Main St,Freehold,Monmouth,NJ,86419,152-257-9010,38-938-249,first_name47.last_name469@abc.zyx,http://www.first_name47last_name469.zyx
first_name25,last_name250,company_name250,25020 Main St,Omaha,Douglas,NE,59770,285-817-9036,554-853-1657,first_name25.last_name250@abc.zyx,http://www.first_name25last_name250.zyx
first_name73,last_name725,company_name725,72546 Main St,Annandale,Fairfax,VA,57720,437-398-4582,205-284-6064,first_name73.last_name725@abc.zyx,http://www.first_name73last_name725.zyx
first_name46,last_name463,company_name463,46302 Main St,Plano,Collin,TX,41992,573-560-3792,182-115-1295,first_name46.last_name463@abc.zyx,http://www.first_name46last_name463.zyx
first_name73,last_name727,company_name727,72660 Main St,New York,New York,NY,59159,265-746-9845,818-101-8349,first_name73.last_name727@abc.zyx,http://www.first_name73last_name727.zyx
first_name13,last_name129,company_name129,12889 Main St,Syosset,Nassau,NY,35329,878-586-8417,616-410-8109,first_name13.last_name129@abc.zyx,http://www.first_name13last_name129.zyx
first_name92,last_name925,company_name925,92470 Main St,Crystal River,Citrus,FL,16071,481-769-4759,591-523-7836,first_name92.last_name925@abc.zyx,http://www.first_name92last_name925.zyx
first_name26,last_name255,company_name255,25512 Main St,Fortville,Hancock,IN,6458,129-681-8450,64-653-600,first_name26.last_name255@abc.zyx,http://www.first_name26last_name255.zyx
first_name30,last_name299,company_name299,29917 Main St,Saint Joseph,Buchanan,MO,55271,732-909-6557,367-474-2361,first_name30.last_name299@abc.zyx,http://www.first_name30last_name299.zyx
first_name67,last_name672,company_name672,67181 Main St,Jackson,Hinds,MS,4322,939-726-7076,802-232-8413,first_name67.last_name672@abc.zyx,http://www.first_name67last_name672.zyx
first_name6,last_name56,company_name56,5647 Main St,Abilene,Taylor,TX,72052,43-580-2647,804-438-8300,first_name6.last_name56@abc.zyx,http://www.first_name6last_name56.zyx
first_name82,last_name818,company_name818,81837 Main St,Saratoga,Santa Clara,CA,26052,965-70-581,216-683-9408,first_name82.last_name818@abc.zyx,http://www.first_name82last_name818.zyx
first_name98,last_name979,company_name979,97882 Main St,Cherry Hill,Camden,NJ,8594,960-268-5587,941-793-6596,first_name98.last_name979@abc.zyx,http://www.first_name98last_name979.zyx
first_name85,last_name847,company_name847,84657 Main St,Hayward,Alameda,CA,95343,962-491-5168,194-608-4752,first_name85.last_name847@abc.zyx,http://www.first_name85last_name847.zyx
first_name24,last_name240,company_name240,24006 Main St,Longwood,Seminole,FL,64027,577-921-91,32-396-9930,first_name24.last_name240@abc.zyx,http://www.first_name24last_name240.zyx
first_name21,last_name215,company_name215,21469 Main St,Cheyenne,Laramie,WY,87614,193-336-8625,406-375-5687,first_name21.last_name215@abc.zyx,http://www.first_name21last_name215.zyx
first_name22,last_name217,company_name217,21738 Main St,Garden City,Nassau,NY,62990,446-621-8791,352-854-6549,first_name22.last_name217@abc.zyx,http://www.first_name22last_name217.zyx
first_name97,last_name972,company_name972,97183 Main St,Madison,Dane,WI,93252,554-384-4198,227-349-1487,first_name97.last_name972@abc.zyx,http://www.first_name97last_name972.zyx
first_name72,last_name718,company_name718,71846 Main St,Kearny,Hudson,NJ,9972,587-860-4381,61-51-1913,first_name72.last_name718@abc.zyx,http://www.first_name72last_name718.zyx
first_name66,last_name659,company_name659,65904 Main St,Old Forge,Lackawanna,PA,91407,545-396-5581,958-784-7432,first_name66.last_name659@abc.zyx,http://www.first_name66last_name659.zyx
first_name34,last_name340,company_name340,34016 Main St,San Diego,San Diego,CA,94708,777-106-6305,531-187-9477,first_name34.last_name340@abc.zyx,http://www.first_name34last_name340.zyx
first_name53,last_name535,company_name535,53479 Main St,Thousand Palms,Riverside,CA,24438,228-696-858,596-884-6801,first_name53.last_name535@abc.zyx,http://www.first_name53last_name535.zyx
first_name33,last_name331,company_name331,33107 Main St,Margate City,Atlantic,NJ,24704,312-23-1855,176-649-4322,first_name33.last_name331@abc.zyx,http://www.first_name33last_name331.zyx
first_name64,last_name637,company_name637,63651 Main St,Providence,Providence,RI,57961,316-525-8353,279-944-757,first_name64.last_name637@abc.zyx,http://www.first_name64last_name637.zyx
first_name97,last_name969,company_name969,96850 Main St,Abilene,Dickinson,KS,29791,546-843-8837,195-182-1467,first_name97.last_name969@abc.zyx,http://www.first_name97last_name969.zyx
first_name31,last_name308,company_name308,30789 Main St,Roseville,Placer,CA,89876,262-568-8335,736-239-5787,first_name31.last_name308@abc.zyx,http://www.first_name31last_name308.zyx
first_name36,last_name364,company_name364,36394 Main St,Daytona Beach,Volusia,FL,89714,308-116-3840,906-747-2499,first_name36.last_name364@abc.zyx,http://www.first_name36last_name364.zyx
first_name57,last_name573,company_name573,57321 Main St,Washington,District of Columbia,DC,81188,409-819-3929,941-945-126,first_name57.last_name573@abc.zyx,http://www.first_name57last_name573.zyx
first_name88,last_name881,company_name881,88144 Main St,Novato,Marin,CA,61275,100-445-4111,411-554-6620,first_name88.last_name881@abc.zyx,http://www.first_name88last_name881.zyx
first_name24,last_name237,company_name237,23711 Main St,Boise,Ada,ID,52296,682-749-5346,817-885-9979,first_name24.last_name237@abc.zyx,http://www.first_name24last_name237.zyx
first_name95,last_name949,company_name949,94885 Main St,Elkhart,Elkhart,IN,12458,114-823-2387,987-346-2154,first_name95.last_name949@abc.zyx,http://www.first_name95last_name949.zyx
first_name34,last_name342,company_name342,34246 Main St,Alliance,Box Butte,NE,419,96-211-3662,298-28-9436,first_name34.last_name342@abc.zyx,http://www.first_name34last_name342.zyx
first_name23,last_name228,company_name228,22797 Main St,Seattle,King,WA,97097,272-565-6417,442-747-992,first_name23.last_name228@abc.zyx,http://www.first_name23last_name228.zyx
first_name56,last_name557,company_name557,55723 Main St,Orlando,Orange,FL,5013,497-454-1698,835-600-8644,first_name56.last_name557@abc.zyx,http://www.first_name56last_name557.zyx
